-- phpMyAdmin SQL Dump
-- version 4.9.0.1
-- https://www.phpmyadmin.net/
--
-- Хост: 127.0.0.1:3302
-- Время создания: Июн 23 2020 г., 13:44
-- Версия сервера: 10.3.13-MariaDB-log
-- Версия PHP: 7.1.32

SET SQL_MODE = "NO_AUTO_VALUE_ON_ZERO";
SET AUTOCOMMIT = 0;
START TRANSACTION;
SET time_zone = "+00:00";


/*!40101 SET @OLD_CHARACTER_SET_CLIENT=@@CHARACTER_SET_CLIENT */;
/*!40101 SET @OLD_CHARACTER_SET_RESULTS=@@CHARACTER_SET_RESULTS */;
/*!40101 SET @OLD_COLLATION_CONNECTION=@@COLLATION_CONNECTION */;
/*!40101 SET NAMES utf8mb4 */;

--
-- База данных: `riat`
--

-- --------------------------------------------------------

--
-- Структура таблицы `departments`
--

CREATE TABLE `departments` (
  `id` bigint(20) NOT NULL,
  `name` varchar(255) COLLATE utf8mb4_unicode_ci DEFAULT NULL,
  `create_date` datetime NOT NULL,
  `update_date` datetime DEFAULT NULL
) ENGINE=MyISAM DEFAULT CHARSET=utf8mb4 COLLATE=utf8mb4_unicode_ci;

--
-- Дамп данных таблицы `departments`
--

INSERT INTO `departments` (`id`, `name`, `create_date`, `update_date`) VALUES
(1, 'Отдел обслуживания номеров', '2020-05-09 00:00:00', '2020-02-21 00:00:00'),
(2, 'Отдел тех. обслуживания', '2020-02-21 00:00:00', '2020-02-21 00:00:00');

-- --------------------------------------------------------

--
-- Структура таблицы `departments_staff`
--

CREATE TABLE `departments_staff` (
  `id` bigint(20) NOT NULL,
  `create_date` datetime NOT NULL,
  `department_id` bigint(20) NOT NULL,
  `update_date` datetime DEFAULT NULL,
  `user_id` bigint(20) NOT NULL
) ENGINE=MyISAM DEFAULT CHARSET=utf8mb4 COLLATE=utf8mb4_unicode_ci;

--
-- Дамп данных таблицы `departments_staff`
--

INSERT INTO `departments_staff` (`id`, `create_date`, `department_id`, `update_date`, `user_id`) VALUES
(1, '2020-02-06 00:00:00', 1, '2020-02-05 00:00:00', 1),
(2, '2020-02-06 00:00:00', 1, '2020-02-05 00:00:00', 2),
(3, '2020-02-06 00:00:00', 1, '2020-02-05 00:00:00', 3),
(4, '2020-02-06 00:00:00', 1, '2020-02-05 00:00:00', 4),
(5, '2020-02-06 00:00:00', 1, '2020-02-05 00:00:00', 5),
(6, '2020-02-06 00:00:00', 1, '2020-02-05 00:00:00', 6),
(7, '2020-02-06 00:00:00', 1, '2020-02-05 00:00:00', 7),
(8, '2020-02-06 00:00:00', 1, '2020-02-05 00:00:00', 8),
(9, '2020-02-06 00:00:00', 1, '2020-02-05 00:00:00', 9),
(10, '2020-02-06 00:00:00', 1, '2020-02-05 00:00:00', 10),
(11, '2020-02-06 00:00:00', 2, '2020-02-05 00:00:00', 13),
(12, '2020-02-06 00:00:00', 2, '2020-02-05 00:00:00', 14),
(13, '2020-02-06 00:00:00', 2, '2020-02-05 00:00:00', 15),
(14, '2020-02-06 00:00:00', 1, '2020-02-05 00:00:00', 11),
(15, '2020-02-06 00:00:00', 1, '2020-02-05 00:00:00', 12);

-- --------------------------------------------------------

--
-- Структура таблицы `list_of_employees`
--

CREATE TABLE `list_of_employees` (
  `id` bigint(20) NOT NULL,
  `active` bit(1) DEFAULT NULL,
  `create_date` datetime NOT NULL,
  `task_id` bigint(20) NOT NULL,
  `update_date` datetime DEFAULT NULL,
  `user_id` bigint(20) NOT NULL,
  `task_status_id` bigint(20) NOT NULL,
  `owner_id` bigint(20) NOT NULL
) ENGINE=MyISAM DEFAULT CHARSET=utf8mb4 COLLATE=utf8mb4_unicode_ci;

--
-- Дамп данных таблицы `list_of_employees`
--

INSERT INTO `list_of_employees` (`id`, `active`, `create_date`, `task_id`, `update_date`, `user_id`, `task_status_id`, `owner_id`) VALUES
(4, b'0', '2020-05-17 00:00:00', 3, '2020-05-20 00:00:00', 1, 2, 4),
(35, b'0', '2020-05-16 01:09:08', 2, '2020-05-18 10:09:23', 1, 3, 4),
(38, b'0', '2020-05-15 01:11:45', 2, '2020-05-29 14:01:56', 2, 3, 4),
(37, b'1', '2020-05-15 01:09:08', 3, '2020-05-29 14:02:00', 2, 1, 4),
(39, b'1', '2020-05-24 21:04:44', 26, '2020-05-24 21:04:44', 1, 2, 4),
(40, b'1', '2020-05-24 21:04:44', 26, '2020-05-29 14:02:01', 12, 1, 4),
(41, b'1', '2020-05-24 21:04:44', 26, '2020-05-21 00:00:00', 13, 1, 4),
(43, b'0', '2020-05-24 21:06:39', 27, '2020-06-03 12:38:22', 12, 2, 4),
(44, b'0', '2020-05-24 21:06:39', 27, '2020-05-29 14:02:02', 2, 2, 4),
(45, b'1', '2020-05-24 21:06:39', 27, '2020-05-21 00:00:00', 13, 1, 4),
(46, b'0', '2020-05-24 21:07:05', 28, '2020-06-03 12:04:28', 12, 2, 4),
(47, b'0', '2020-05-24 21:07:05', 28, '2020-05-29 14:02:02', 13, 2, 4),
(48, b'1', '2020-05-24 21:07:05', 28, '2020-05-23 21:07:05', 3, 1, 4),
(49, b'0', '2020-05-24 21:07:34', 29, '2020-06-03 11:52:43', 12, 2, 4),
(50, b'0', '2020-05-24 21:07:34', 29, '2020-05-29 14:02:03', 13, 2, 4),
(51, b'1', '2020-05-24 21:07:34', 29, '2020-05-20 21:07:34', 3, 2, 4),
(55, b'1', '2020-05-29 15:28:21', 30, '2020-05-01 15:28:21', 1, 2, 1),
(56, b'1', '2020-05-29 15:28:21', 30, '2020-05-05 15:28:21', 2, 1, 1),
(57, b'1', '2020-05-29 15:28:21', 30, '2020-05-08 15:28:21', 3, 1, 1),
(58, b'1', '2020-05-29 15:28:21', 30, '2020-05-11 15:28:21', 9, 1, 1),
(59, b'1', '2020-05-29 15:28:21', 30, '2020-05-14 15:28:21', 5, 1, 1),
(60, b'1', '2020-05-29 15:28:21', 30, '2020-05-17 15:28:21', 6, 2, 1),
(61, b'1', '2020-05-29 15:28:21', 30, '2020-05-20 15:28:21', 7, 2, 1),
(62, b'1', '2020-05-29 15:28:21', 30, '2020-05-23 15:28:21', 8, 3, 1),
(63, b'1', '2020-05-29 15:28:21', 30, '2020-05-28 00:00:00', 10, 3, 1),
(64, b'1', '2020-05-29 15:28:21', 31, '2020-05-13 15:28:21', 1, 2, 1),
(65, b'1', '2020-05-29 15:28:21', 31, '2020-05-06 15:28:21', 2, 2, 1),
(334, b'1', '2020-05-30 00:23:20', 124, '2020-05-30 00:23:20', 3, 1, 4),
(67, b'1', '2020-05-29 15:28:21', 31, '2020-05-28 15:28:21', 9, 2, 1),
(68, b'1', '2020-05-29 15:28:21', 31, '2020-05-27 15:28:21', 5, 2, 1),
(69, b'1', '2020-05-29 15:28:21', 31, '2020-05-02 15:28:21', 6, 1, 1),
(70, b'1', '2020-05-29 15:28:21', 31, '2020-05-04 15:28:21', 7, 1, 1),
(71, b'1', '2020-05-29 15:28:21', 31, '2020-05-26 15:28:21', 8, 1, 1),
(72, b'1', '2020-05-29 15:28:21', 31, '2020-05-12 15:28:21', 10, 1, 1),
(73, b'1', '2020-05-29 15:28:21', 32, '2020-05-26 15:28:21', 1, 1, 1),
(74, b'1', '2020-05-29 15:28:21', 32, '2020-05-16 15:28:21', 2, 1, 1),
(75, b'1', '2020-05-29 15:28:21', 32, '2020-05-18 15:28:21', 3, 2, 1),
(76, b'1', '2020-05-29 15:28:21', 32, '2020-05-02 15:28:21', 9, 2, 1),
(78, b'1', '2020-05-29 15:28:21', 32, '2020-05-18 15:28:21', 6, 2, 1),
(79, b'1', '2020-05-29 15:28:21', 32, '2020-05-21 15:28:21', 7, 2, 1),
(80, b'1', '2020-05-29 15:28:21', 32, '2020-05-23 15:28:21', 8, 2, 1),
(81, b'1', '2020-05-29 15:28:21', 32, '2020-05-22 15:28:21', 10, 3, 1),
(82, b'1', '2020-05-29 15:28:21', 33, '2020-05-18 15:28:21', 1, 3, 1),
(83, b'1', '2020-05-29 15:28:21', 33, '2020-05-19 15:28:21', 2, 2, 1),
(84, b'1', '2020-05-29 15:28:21', 33, '2020-05-04 15:28:21', 3, 2, 1),
(85, b'1', '2020-05-29 15:28:21', 33, '2020-05-05 15:28:21', 9, 2, 1),
(86, b'1', '2020-05-29 15:28:21', 33, '2020-05-07 15:28:21', 5, 2, 1),
(87, b'1', '2020-05-29 15:28:21', 33, '2020-05-05 15:28:21', 6, 1, 1),
(88, b'1', '2020-05-29 15:28:21', 33, '2020-05-15 15:28:21', 7, 2, 1),
(89, b'1', '2020-05-29 15:28:21', 33, '2020-05-10 15:28:21', 8, 2, 1),
(90, b'1', '2020-05-29 15:28:21', 33, '2020-05-13 15:28:21', 10, 2, 1),
(91, b'1', '2020-05-29 15:28:21', 34, '2020-05-11 15:28:21', 1, 2, 1),
(92, b'1', '2020-05-29 15:28:21', 34, '2020-05-26 15:28:21', 2, 2, 1),
(93, b'1', '2020-05-29 15:28:21', 34, '2020-05-15 15:28:21', 3, 2, 1),
(94, b'1', '2020-05-29 15:28:21', 34, '2020-05-19 15:28:21', 9, 3, 1),
(95, b'1', '2020-05-29 15:28:21', 34, '2020-05-11 15:28:21', 5, 3, 1),
(96, b'1', '2020-05-29 15:28:21', 34, '2020-05-06 15:28:21', 6, 3, 1),
(97, b'1', '2020-05-29 15:28:21', 34, '2020-05-05 15:28:21', 7, 2, 1),
(98, b'1', '2020-05-29 15:28:21', 34, '2020-05-28 15:28:21', 8, 2, 1),
(99, b'1', '2020-05-29 15:28:21', 34, '2020-05-28 15:28:21', 10, 2, 1),
(100, b'1', '2020-05-29 15:28:21', 35, '2020-05-27 15:28:21', 1, 2, 1),
(101, b'1', '2020-05-29 15:28:21', 35, '2020-05-19 15:28:21', 2, 2, 1),
(102, b'1', '2020-05-29 15:28:21', 35, '2020-05-13 15:28:21', 3, 2, 1),
(103, b'0', '2020-05-29 15:28:21', 35, '2020-05-21 15:28:21', 12, 2, 1),
(104, b'1', '2020-05-29 15:28:21', 35, '2020-05-20 15:28:21', 5, 2, 1),
(105, b'1', '2020-05-29 15:28:21', 35, '2020-05-15 15:28:21', 6, 2, 1),
(106, b'1', '2020-05-29 15:28:21', 35, '2020-05-26 15:28:21', 7, 2, 1),
(107, b'1', '2020-05-29 15:28:21', 35, '2020-05-19 15:28:21', 8, 1, 1),
(108, b'1', '2020-05-29 15:28:21', 35, '2020-05-23 15:28:21', 10, 1, 1),
(109, b'1', '2020-05-29 15:28:21', 36, '2020-05-12 15:28:21', 1, 2, 1),
(110, b'1', '2020-05-29 15:28:21', 36, '2020-05-12 15:28:21', 2, 2, 1),
(111, b'1', '2020-05-29 15:28:21', 36, '2020-05-13 15:28:21', 3, 2, 1),
(112, b'1', '2020-05-29 15:28:21', 36, '2020-05-03 15:28:21', 9, 2, 1),
(113, b'1', '2020-05-29 15:28:21', 36, '2020-05-02 15:28:21', 5, 2, 1),
(114, b'1', '2020-05-29 15:28:21', 36, '2020-05-23 15:28:21', 6, 2, 1),
(115, b'1', '2020-05-29 15:28:21', 36, '2020-05-18 15:28:21', 7, 2, 1),
(116, b'1', '2020-05-29 15:28:21', 36, '2020-05-05 15:28:21', 8, 2, 1),
(117, b'1', '2020-05-29 15:28:21', 36, '2020-05-07 15:28:21', 10, 2, 1),
(118, b'1', '2020-05-29 15:28:21', 37, '2020-05-15 15:28:21', 1, 2, 1),
(119, b'1', '2020-05-29 15:28:21', 37, '2020-05-18 15:28:21', 2, 2, 1),
(120, b'1', '2020-05-29 15:28:21', 37, '2020-05-19 15:28:21', 3, 2, 1),
(121, b'1', '2020-05-29 15:28:21', 37, '2020-05-18 15:28:21', 9, 2, 1),
(122, b'1', '2020-05-29 15:28:21', 37, '2020-05-05 15:28:21', 5, 2, 1),
(123, b'1', '2020-05-29 15:28:21', 37, '2020-05-06 15:28:21', 6, 2, 1),
(124, b'1', '2020-05-29 15:28:21', 37, '2020-05-19 15:28:21', 7, 2, 1),
(125, b'1', '2020-05-29 15:28:21', 37, '2020-05-21 15:28:21', 8, 2, 1),
(126, b'1', '2020-05-29 15:28:21', 37, '2020-05-19 15:28:21', 10, 2, 1),
(127, b'1', '2020-05-29 15:28:21', 38, '2020-05-14 15:28:21', 1, 2, 1),
(128, b'1', '2020-05-29 15:28:21', 38, '2020-05-20 15:28:21', 2, 2, 1),
(129, b'1', '2020-05-29 15:28:21', 38, '2020-05-19 15:28:21', 3, 2, 1),
(130, b'1', '2020-05-29 15:28:21', 38, '2020-05-13 15:28:21', 9, 1, 1),
(131, b'1', '2020-05-29 15:28:21', 38, '2020-05-27 15:28:21', 5, 1, 1),
(132, b'1', '2020-05-29 15:28:21', 38, '2020-05-19 15:28:21', 6, 2, 1),
(133, b'1', '2020-05-29 15:28:21', 38, '2020-06-05 15:28:21', 7, 3, 1),
(134, b'1', '2020-05-29 15:28:21', 38, '2020-05-18 15:28:21', 8, 2, 1),
(135, b'1', '2020-05-29 15:28:21', 38, '2020-05-26 15:28:21', 10, 2, 1),
(136, b'0', '2020-05-29 15:28:21', 39, '2020-05-06 15:28:21', 12, 2, 1),
(137, b'1', '2020-05-29 15:28:21', 39, '2020-05-20 15:28:21', 2, 2, 1),
(138, b'1', '2020-05-29 15:28:21', 39, '2020-05-03 15:28:21', 3, 2, 1),
(139, b'1', '2020-05-29 15:28:21', 39, '2020-05-13 15:28:21', 9, 2, 1),
(140, b'1', '2020-05-29 15:28:21', 39, '2020-05-18 15:28:21', 5, 2, 1),
(141, b'1', '2020-05-29 15:28:21', 39, '2020-05-08 15:28:21', 6, 2, 1),
(142, b'1', '2020-05-29 15:28:21', 39, '2020-05-09 15:28:21', 7, 2, 1),
(143, b'1', '2020-05-29 15:28:21', 39, '2020-05-18 15:28:21', 8, 2, 1),
(144, b'1', '2020-05-29 15:28:21', 39, '2020-05-20 15:28:21', 10, 2, 1),
(145, b'1', '2020-05-29 15:28:21', 40, '2020-05-21 15:28:21', 1, 2, 1),
(146, b'1', '2020-05-29 15:28:21', 40, '2020-05-20 15:28:21', 2, 2, 1),
(147, b'1', '2020-05-29 15:28:21', 40, '2020-05-09 15:28:21', 3, 2, 1),
(148, b'1', '2020-05-29 15:28:21', 40, '2020-05-12 15:28:21', 9, 2, 1),
(149, b'1', '2020-05-29 15:28:21', 40, '2020-05-13 15:28:21', 5, 2, 1),
(150, b'1', '2020-05-29 15:28:21', 40, '2020-05-20 15:28:21', 6, 2, 1),
(151, b'1', '2020-05-29 15:28:21', 40, '2020-05-13 15:28:21', 7, 2, 1),
(152, b'1', '2020-05-29 15:28:21', 40, '2020-05-12 15:28:21', 8, 2, 1),
(153, b'1', '2020-05-29 15:28:21', 40, '2020-05-18 15:28:21', 10, 1, 1),
(154, b'1', '2020-05-29 15:28:21', 41, '2020-05-23 15:28:21', 1, 1, 1),
(155, b'1', '2020-05-29 15:28:21', 41, '2020-05-18 15:28:21', 2, 1, 1),
(156, b'1', '2020-05-29 15:28:21', 41, '2020-05-11 15:28:21', 3, 2, 1),
(157, b'1', '2020-05-29 15:28:21', 41, '2020-05-18 15:28:21', 9, 3, 1),
(158, b'0', '2020-05-29 15:28:21', 41, '2020-05-18 15:28:21', 12, 3, 1),
(159, b'1', '2020-05-29 15:28:21', 41, '2020-05-12 15:28:21', 6, 1, 1),
(160, b'1', '2020-05-29 15:28:21', 41, '2020-05-14 15:28:21', 7, 1, 1),
(161, b'1', '2020-05-29 15:28:21', 41, '2020-05-18 15:28:21', 8, 2, 1),
(162, b'1', '2020-05-29 15:28:21', 41, '2020-05-22 15:28:21', 10, 2, 1),
(163, b'1', '2020-05-29 15:28:21', 42, '2020-05-17 15:28:21', 1, 2, 1),
(164, b'1', '2020-05-29 15:28:21', 42, '2020-05-11 15:28:21', 2, 2, 1),
(165, b'1', '2020-05-29 15:28:21', 42, '2020-05-13 15:28:21', 3, 2, 1),
(166, b'1', '2020-05-29 15:28:21', 42, '2020-05-05 15:28:21', 9, 2, 1),
(167, b'1', '2020-05-29 15:28:21', 42, '2020-05-25 15:28:21', 5, 1, 1),
(168, b'1', '2020-05-29 15:28:21', 42, '2020-05-11 15:28:21', 6, 1, 1),
(169, b'1', '2020-05-29 15:28:21', 42, '2020-05-26 15:28:21', 7, 3, 1),
(170, b'1', '2020-05-29 15:28:21', 42, '2020-05-05 15:28:21', 8, 3, 1),
(171, b'1', '2020-05-29 15:28:21', 42, '2020-05-02 15:28:21', 10, 3, 1),
(172, b'1', '2020-05-29 15:28:21', 43, '2020-05-12 15:28:21', 1, 3, 1),
(173, b'1', '2020-05-29 15:28:21', 43, '2020-05-09 15:28:21', 2, 2, 1),
(174, b'1', '2020-05-29 15:28:21', 43, '2020-05-16 15:28:21', 3, 2, 1),
(175, b'1', '2020-05-29 15:28:21', 43, '2020-05-14 15:28:21', 9, 2, 1),
(176, b'1', '2020-05-29 15:28:21', 43, '2020-05-13 15:28:21', 5, 2, 1),
(177, b'1', '2020-05-29 15:28:21', 43, '2020-05-12 15:28:21', 6, 2, 1),
(178, b'1', '2020-05-29 15:28:21', 43, '2020-05-09 15:28:21', 7, 1, 1),
(179, b'1', '2020-05-29 15:28:21', 43, '2020-05-18 15:28:21', 8, 1, 1),
(180, b'1', '2020-05-29 15:28:21', 43, '2020-05-07 15:28:21', 10, 3, 1),
(181, b'1', '2020-05-29 15:28:21', 44, '2020-05-02 15:28:21', 1, 3, 1),
(182, b'1', '2020-05-29 15:28:21', 44, '2020-05-11 15:28:21', 2, 2, 1),
(183, b'1', '2020-05-29 15:28:21', 44, '2020-05-13 15:28:21', 3, 2, 1),
(184, b'1', '2020-05-29 15:28:21', 44, '2020-05-16 15:28:21', 9, 2, 1),
(185, b'1', '2020-05-29 15:28:21', 44, '2020-05-29 15:28:21', 5, 2, 1),
(186, b'1', '2020-05-29 15:28:21', 44, '2020-05-13 15:28:21', 6, 2, 1),
(187, b'0', '2020-05-29 15:28:21', 44, '2020-05-28 15:28:21', 12, 2, 1),
(188, b'1', '2020-05-29 15:28:21', 44, '2020-05-15 15:28:21', 8, 1, 1),
(189, b'1', '2020-05-29 15:28:21', 44, '2020-05-13 15:28:21', 10, 1, 1),
(190, b'1', '2020-05-29 15:28:21', 45, '2020-05-19 15:28:21', 1, 2, 1),
(191, b'1', '2020-05-29 15:28:21', 45, '2020-05-05 15:28:21', 2, 2, 1),
(192, b'1', '2020-05-29 15:28:21', 45, '2020-05-12 15:28:21', 3, 2, 1),
(193, b'1', '2020-05-29 15:28:21', 45, '2020-05-18 15:28:21', 9, 2, 1),
(194, b'1', '2020-05-29 15:28:21', 45, '2020-05-27 15:28:21', 5, 1, 1),
(195, b'1', '2020-05-29 15:28:21', 45, '2020-05-14 15:28:21', 6, 2, 1),
(196, b'1', '2020-05-29 15:28:21', 45, '2020-05-12 15:28:21', 7, 2, 1),
(197, b'1', '2020-05-29 15:28:21', 45, '2020-05-07 15:28:21', 8, 2, 1),
(198, b'1', '2020-05-29 15:28:21', 45, '2020-05-04 15:28:21', 10, 2, 1),
(199, b'1', '2020-05-29 15:28:21', 46, '2020-05-13 15:28:21', 1, 2, 1),
(200, b'1', '2020-05-29 15:28:21', 46, '2020-05-09 15:28:21', 2, 2, 1),
(201, b'1', '2020-05-29 15:28:21', 46, '2020-05-16 15:28:21', 3, 2, 1),
(202, b'1', '2020-05-29 15:28:21', 46, '2020-05-23 15:28:21', 9, 2, 1),
(203, b'1', '2020-05-29 15:28:21', 46, '2020-05-12 15:28:21', 5, 2, 1),
(204, b'1', '2020-05-29 15:28:21', 46, '2020-05-04 15:28:21', 6, 2, 1),
(205, b'1', '2020-05-29 15:28:21', 46, '2020-05-05 15:28:21', 7, 2, 1),
(206, b'1', '2020-05-29 15:28:21', 46, '2020-05-14 15:28:21', 8, 2, 1),
(207, b'1', '2020-05-29 15:28:21', 46, '2020-05-19 15:28:21', 10, 1, 1),
(208, b'1', '2020-05-29 15:28:21', 47, '2020-05-19 15:28:21', 1, 2, 1),
(209, b'1', '2020-05-29 15:28:21', 47, '2020-05-21 15:28:21', 2, 1, 1),
(210, b'1', '2020-05-29 15:28:21', 47, '2020-05-11 15:28:21', 3, 2, 1),
(211, b'1', '2020-05-29 15:28:21', 47, '2020-05-27 15:28:21', 9, 2, 1),
(212, b'1', '2020-05-29 15:28:21', 47, '2020-05-28 15:28:21', 5, 2, 1),
(213, b'1', '2020-05-29 15:28:21', 47, '2020-05-05 15:28:21', 6, 2, 1),
(214, b'1', '2020-05-29 15:28:21', 47, '2020-05-04 15:28:21', 7, 2, 1),
(215, b'1', '2020-05-29 15:28:21', 47, '2020-05-20 15:28:21', 8, 2, 1),
(216, b'1', '2020-05-29 15:28:21', 47, '2020-05-12 15:28:21', 10, 2, 1),
(217, b'1', '2020-05-29 15:28:21', 48, '2020-05-26 15:28:21', 1, 2, 1),
(218, b'1', '2020-05-29 15:28:21', 48, '2020-05-20 15:28:21', 2, 2, 1),
(219, b'0', '2020-05-29 15:28:21', 48, '2020-05-29 15:28:21', 12, 3, 1),
(220, b'1', '2020-05-29 15:28:21', 48, '2020-05-18 15:28:21', 9, 3, 1),
(221, b'1', '2020-05-29 15:28:21', 48, '2020-05-05 15:28:21', 5, 3, 1),
(222, b'1', '2020-05-29 15:28:21', 48, '2020-05-07 15:28:21', 6, 2, 1),
(223, b'1', '2020-05-29 15:28:21', 48, '2020-05-13 15:28:21', 7, 2, 1),
(224, b'1', '2020-05-29 15:28:21', 48, '2020-05-11 15:28:21', 8, 2, 1),
(225, b'1', '2020-05-29 15:28:21', 48, '2020-05-18 15:28:21', 10, 2, 1),
(226, b'1', '2020-05-29 15:28:21', 49, '2020-05-09 15:28:21', 1, 2, 1),
(227, b'1', '2020-05-29 15:28:21', 49, '2020-05-14 15:28:21', 2, 2, 1),
(228, b'1', '2020-05-29 15:28:21', 49, '2020-05-11 15:28:21', 3, 2, 1),
(229, b'1', '2020-05-29 15:28:21', 49, '2020-05-26 15:28:21', 9, 2, 1),
(230, b'1', '2020-05-29 15:28:21', 49, '2020-05-04 15:28:21', 5, 2, 1),
(231, b'1', '2020-05-29 15:28:21', 49, '2020-05-29 15:28:21', 6, 2, 1),
(232, b'1', '2020-05-29 15:28:21', 49, '2020-05-05 15:28:21', 7, 2, 1),
(233, b'1', '2020-05-29 15:28:21', 49, '2020-05-29 15:28:21', 8, 2, 1),
(234, b'1', '2020-05-29 15:28:21', 49, '2020-05-29 15:28:21', 10, 2, 1),
(235, b'1', '2020-05-29 15:28:21', 50, '2020-05-19 15:28:21', 1, 2, 1),
(236, b'1', '2020-05-29 15:28:21', 51, '2020-05-14 15:28:21', 2, 2, 1),
(237, b'1', '2020-05-29 15:28:21', 51, '2020-05-29 15:28:21', 3, 2, 1),
(238, b'1', '2020-05-29 15:28:21', 51, '2020-05-11 15:28:21', 9, 2, 1),
(239, b'1', '2020-05-29 15:28:21', 51, '2020-05-12 15:28:21', 5, 2, 1),
(240, b'1', '2020-05-29 15:28:21', 51, '2020-05-23 15:28:21', 6, 2, 1),
(241, b'1', '2020-05-29 15:28:21', 51, '2020-05-09 15:28:21', 7, 2, 1),
(242, b'1', '2020-05-29 15:28:21', 51, '2020-05-20 15:28:21', 8, 2, 1),
(243, b'1', '2020-05-29 15:28:21', 51, '2020-05-11 15:28:21', 10, 2, 1),
(244, b'1', '2020-05-29 15:28:21', 52, '2020-05-19 15:28:21', 1, 2, 1),
(245, b'1', '2020-05-29 15:28:21', 52, '2020-05-21 15:28:21', 2, 2, 1),
(246, b'1', '2020-05-29 15:28:21', 52, '2020-05-20 15:28:21', 3, 2, 1),
(247, b'1', '2020-05-29 15:28:21', 52, '2020-05-27 15:28:21', 9, 2, 1),
(248, b'1', '2020-05-29 15:28:21', 52, '2020-05-25 15:28:21', 5, 2, 1),
(249, b'1', '2020-05-29 15:28:21', 52, '2020-05-14 15:28:21', 6, 2, 1),
(250, b'0', '2020-05-29 15:28:21', 52, '2020-05-07 15:28:21', 12, 2, 1),
(251, b'1', '2020-05-29 15:28:21', 52, '2020-05-06 15:28:21', 8, 2, 1),
(252, b'1', '2020-05-29 15:28:21', 52, '2020-05-13 15:28:21', 10, 2, 1),
(253, b'1', '2020-05-29 15:28:21', 53, '2020-05-19 15:28:21', 1, 2, 1),
(254, b'1', '2020-05-29 15:28:21', 53, '2020-05-29 15:28:21', 2, 2, 1),
(255, b'1', '2020-05-29 15:28:21', 53, '2020-05-05 15:28:21', 3, 2, 1),
(256, b'1', '2020-05-29 15:28:21', 53, '2020-05-20 15:28:21', 9, 3, 1),
(257, b'1', '2020-05-29 15:28:21', 53, '2020-05-20 15:28:21', 5, 3, 1),
(258, b'1', '2020-05-29 15:28:21', 53, '2020-05-07 15:28:21', 6, 3, 1),
(259, b'1', '2020-05-29 15:28:21', 53, '2020-05-18 15:28:21', 7, 3, 1),
(260, b'1', '2020-05-29 15:28:21', 53, '2020-05-13 15:28:21', 8, 3, 1),
(261, b'1', '2020-05-29 15:28:21', 53, '2020-05-03 15:28:21', 10, 3, 1),
(262, b'1', '2020-05-29 15:28:21', 54, '2020-05-17 15:28:21', 1, 3, 1),
(263, b'1', '2020-05-29 15:28:21', 54, '2020-05-14 15:28:21', 2, 3, 1),
(264, b'1', '2020-05-29 15:28:21', 54, '2020-05-21 15:28:21', 3, 3, 1),
(265, b'1', '2020-05-29 15:28:21', 54, '2020-05-23 15:28:21', 9, 1, 1),
(266, b'1', '2020-05-29 15:28:21', 54, '2020-05-13 15:28:21', 5, 3, 1),
(267, b'1', '2020-05-29 15:28:21', 54, '2020-05-14 15:28:21', 6, 2, 1),
(268, b'1', '2020-05-29 15:28:21', 54, '2020-05-22 15:28:21', 7, 1, 1),
(269, b'1', '2020-05-29 15:28:21', 54, '2020-05-13 15:28:21', 8, 1, 1),
(270, b'1', '2020-05-29 15:28:21', 54, '2020-05-14 15:28:21', 10, 1, 1),
(271, b'1', '2020-05-29 15:28:21', 55, '2020-05-21 15:28:21', 1, 1, 1),
(272, b'1', '2020-05-29 15:28:21', 55, '2020-05-14 15:28:21', 2, 1, 1),
(273, b'1', '2020-05-29 15:28:21', 55, '2020-05-15 15:28:21', 3, 1, 1),
(274, b'1', '2020-05-29 15:28:21', 55, '2020-05-14 15:28:21', 9, 1, 1),
(275, b'1', '2020-05-29 15:28:21', 55, '2020-05-13 15:28:21', 5, 2, 1),
(276, b'1', '2020-05-29 15:28:21', 55, '2020-05-19 15:28:21', 6, 2, 1),
(277, b'1', '2020-05-29 15:28:21', 55, '2020-05-29 15:28:21', 7, 2, 1),
(278, b'1', '2020-05-29 15:28:21', 55, '2020-05-25 15:28:21', 8, 2, 1),
(279, b'0', '2020-05-29 15:28:21', 55, '2020-05-05 15:28:21', 12, 2, 1),
(280, b'1', '2020-05-29 15:28:21', 56, '2020-05-19 15:28:21', 1, 2, 1),
(281, b'1', '2020-05-29 15:28:21', 56, '2020-05-15 15:28:21', 2, 2, 1),
(282, b'1', '2020-05-29 15:28:21', 56, '2020-05-13 15:28:21', 3, 2, 1),
(283, b'1', '2020-05-29 15:28:21', 56, '2020-05-20 15:28:21', 9, 2, 1),
(284, b'1', '2020-05-29 15:28:21', 56, '2020-05-06 15:28:21', 5, 2, 1),
(285, b'1', '2020-05-29 15:28:21', 56, '2020-05-08 15:28:21', 6, 2, 1),
(286, b'1', '2020-05-29 15:28:21', 56, '2020-05-19 15:28:21', 7, 2, 1),
(287, b'1', '2020-05-29 15:28:21', 56, '2020-05-13 15:28:21', 8, 2, 1),
(288, b'1', '2020-05-29 15:28:21', 56, '2020-05-05 15:28:21', 10, 2, 1),
(289, b'1', '2020-05-29 15:28:21', 57, '2020-05-29 15:28:21', 1, 2, 1),
(290, b'1', '2020-05-29 15:28:21', 57, '2020-05-29 15:28:21', 2, 2, 1),
(291, b'0', '2020-05-29 15:28:21', 57, '2020-05-29 15:28:21', 12, 2, 1),
(292, b'1', '2020-05-29 15:28:21', 57, '2020-05-29 15:28:21', 9, 2, 1),
(293, b'1', '2020-05-29 15:28:21', 57, '2020-05-19 15:28:21', 5, 2, 1),
(294, b'1', '2020-05-29 15:28:21', 57, '2020-05-29 15:28:21', 6, 3, 1),
(295, b'1', '2020-05-29 15:28:21', 57, '2020-05-29 15:28:21', 7, 3, 1),
(296, b'1', '2020-05-29 15:28:21', 57, '2020-05-29 15:28:21', 8, 3, 1),
(297, b'1', '2020-05-29 15:28:21', 57, '2020-05-12 15:28:21', 10, 3, 1),
(298, b'1', '2020-05-29 15:28:21', 58, '2020-05-29 15:28:21', 1, 1, 1),
(299, b'1', '2020-05-29 15:28:21', 58, '2020-05-05 15:28:21', 2, 1, 1),
(300, b'1', '2020-05-29 15:28:21', 58, '2020-05-29 15:28:21', 3, 1, 1),
(301, b'1', '2020-05-29 15:28:21', 58, '2020-05-27 15:28:21', 9, 1, 1),
(302, b'1', '2020-05-29 15:28:21', 58, '2020-05-29 15:28:21', 5, 1, 1),
(303, b'1', '2020-05-29 15:28:21', 58, '2020-05-29 15:28:21', 6, 1, 1),
(304, b'1', '2020-05-29 15:28:21', 58, '2020-05-19 15:28:21', 7, 1, 1),
(305, b'1', '2020-05-29 15:28:21', 58, '2020-05-29 15:28:21', 8, 1, 1),
(306, b'1', '2020-05-29 15:28:21', 58, '2020-05-27 15:28:21', 10, 1, 1),
(307, b'1', '2020-05-29 15:28:21', 59, '2020-05-20 15:28:21', 1, 1, 1),
(308, b'1', '2020-05-29 15:28:21', 59, '2020-05-29 15:28:21', 2, 1, 1),
(309, b'1', '2020-05-29 15:28:21', 59, '2020-05-22 15:28:21', 3, 1, 1),
(310, b'1', '2020-05-29 15:28:21', 59, '2020-05-29 15:28:21', 9, 1, 1),
(311, b'1', '2020-05-29 15:28:21', 59, '2020-05-29 15:28:21', 5, 1, 1),
(312, b'1', '2020-05-29 15:28:21', 59, '2020-05-20 15:28:21', 6, 1, 1),
(313, b'1', '2020-05-29 15:28:21', 59, '2020-05-29 15:28:21', 7, 1, 1),
(314, b'1', '2020-05-29 15:28:21', 59, '2020-05-29 15:28:21', 8, 1, 1),
(315, b'1', '2020-05-29 15:28:21', 59, '2020-05-27 15:28:21', 10, 1, 1),
(316, b'1', '2020-05-29 15:28:21', 60, '2020-05-29 15:28:21', 1, 1, 1),
(317, b'1', '2020-05-29 15:28:21', 60, '2020-05-29 15:28:21', 2, 1, 1),
(318, b'1', '2020-05-29 15:28:21', 60, '2020-05-29 15:28:21', 3, 1, 1),
(319, b'1', '2020-05-29 15:28:21', 60, '2020-05-07 15:28:21', 9, 1, 1),
(320, b'1', '2020-05-29 15:28:21', 60, '2020-05-06 15:28:21', 5, 1, 1),
(321, b'1', '2020-05-29 15:28:21', 60, '2020-05-21 15:28:21', 6, 1, 1),
(322, b'1', '2020-05-29 15:28:21', 60, '2020-05-29 15:28:21', 7, 1, 1),
(323, b'1', '2020-05-29 15:28:21', 60, '2020-05-13 15:28:21', 8, 1, 1),
(324, b'1', '2020-05-29 15:28:21', 60, '2020-05-29 15:28:21', 10, 1, 1);

-- --------------------------------------------------------

--
-- Структура таблицы `list_of_tasks`
--

CREATE TABLE `list_of_tasks` (
  `id` bigint(20) NOT NULL,
  `create_date` datetime DEFAULT NULL,
  `subtask_id` bigint(20) NOT NULL,
  `top_id` bigint(20) NOT NULL,
  `update_date` datetime DEFAULT NULL
) ENGINE=MyISAM DEFAULT CHARSET=utf8mb4 COLLATE=utf8mb4_unicode_ci;

--
-- Дамп данных таблицы `list_of_tasks`
--

INSERT INTO `list_of_tasks` (`id`, `create_date`, `subtask_id`, `top_id`, `update_date`) VALUES
(1, '2020-02-19 00:00:00', 2, 1, '2020-02-19 00:00:00'),
(2, '2020-02-19 00:00:00', 3, 1, '2020-02-19 00:00:00'),
(4, '2020-02-19 10:05:24', 6, 1, NULL),
(7, '2020-05-15 01:11:45', 25, 3, '2020-05-15 01:11:45'),
(8, '2020-05-29 15:28:22', 30, 26, '2020-05-29 15:28:22'),
(9, '2020-05-29 15:28:22', 30, 26, '2020-05-29 15:28:22'),
(10, '2020-05-29 15:28:22', 30, 26, '2020-05-29 15:28:22'),
(11, '2020-05-29 15:28:22', 97, 30, '2020-05-29 15:28:22'),
(12, '2020-05-29 15:28:22', 98, 30, '2020-05-29 15:28:22'),
(13, '2020-05-29 15:28:22', 99, 30, '2020-05-29 15:28:22'),
(14, '2020-05-29 15:28:22', 100, 30, '2020-05-29 15:28:22'),
(15, '2020-05-29 15:28:22', 101, 30, '2020-05-29 15:28:22'),
(16, '2020-05-29 15:28:22', 102, 30, '2020-05-29 15:28:22'),
(17, '2020-05-29 15:28:22', 103, 30, '2020-05-29 15:28:22'),
(18, '2020-05-29 15:28:22', 104, 30, '2020-05-29 15:28:22'),
(19, '2020-05-29 15:28:22', 105, 30, '2020-05-29 15:28:22'),
(20, '2020-05-29 15:28:22', 97, 31, '2020-05-29 15:28:22'),
(21, '2020-05-29 15:28:22', 98, 31, '2020-05-29 15:28:22'),
(22, '2020-05-29 15:28:22', 99, 31, '2020-05-29 15:28:22'),
(23, '2020-05-29 15:28:22', 100, 31, '2020-05-29 15:28:22'),
(24, '2020-05-29 15:28:22', 101, 31, '2020-05-29 15:28:22'),
(25, '2020-05-29 15:28:22', 102, 31, '2020-05-29 15:28:22'),
(26, '2020-05-29 15:28:22', 103, 31, '2020-05-29 15:28:22'),
(27, '2020-05-29 15:28:22', 104, 31, '2020-05-29 15:28:22'),
(28, '2020-05-29 15:28:22', 105, 31, '2020-05-29 15:28:22'),
(29, '2020-05-29 15:28:22', 97, 32, '2020-05-29 15:28:22'),
(30, '2020-05-29 15:28:22', 98, 32, '2020-05-29 15:28:22'),
(31, '2020-05-29 15:28:22', 99, 32, '2020-05-29 15:28:22'),
(32, '2020-05-29 15:28:22', 100, 32, '2020-05-29 15:28:22'),
(33, '2020-05-29 15:28:22', 101, 32, '2020-05-29 15:28:22'),
(34, '2020-05-29 15:28:22', 102, 32, '2020-05-29 15:28:22'),
(35, '2020-05-29 15:28:22', 103, 32, '2020-05-29 15:28:22'),
(36, '2020-05-29 15:28:22', 104, 32, '2020-05-29 15:28:22'),
(37, '2020-05-29 15:28:22', 105, 32, '2020-05-29 15:28:22'),
(38, '2020-05-29 15:28:22', 97, 33, '2020-05-29 15:28:22'),
(39, '2020-05-29 15:28:22', 98, 33, '2020-05-29 15:28:22'),
(40, '2020-05-29 15:28:22', 99, 33, '2020-05-29 15:28:22'),
(41, '2020-05-29 15:28:22', 100, 33, '2020-05-29 15:28:22'),
(42, '2020-05-29 15:28:22', 101, 33, '2020-05-29 15:28:22'),
(43, '2020-05-29 15:28:22', 102, 33, '2020-05-29 15:28:22'),
(44, '2020-05-29 15:28:22', 103, 33, '2020-05-29 15:28:22'),
(45, '2020-05-29 15:28:22', 104, 33, '2020-05-29 15:28:22'),
(46, '2020-05-29 15:28:22', 105, 33, '2020-05-29 15:28:22'),
(47, '2020-05-29 15:28:22', 97, 34, '2020-05-29 15:28:22'),
(48, '2020-05-29 15:28:22', 98, 34, '2020-05-29 15:28:22'),
(49, '2020-05-29 15:28:22', 99, 34, '2020-05-29 15:28:22'),
(50, '2020-05-29 15:28:22', 100, 34, '2020-05-29 15:28:22'),
(51, '2020-05-29 15:28:22', 101, 34, '2020-05-29 15:28:22'),
(52, '2020-05-29 15:28:22', 102, 34, '2020-05-29 15:28:22'),
(53, '2020-05-29 15:28:22', 103, 34, '2020-05-29 15:28:22'),
(54, '2020-05-29 15:28:22', 104, 34, '2020-05-29 15:28:22'),
(55, '2020-05-29 15:28:22', 105, 34, '2020-05-29 15:28:22'),
(56, '2020-05-29 15:28:22', 97, 35, '2020-05-29 15:28:22'),
(57, '2020-05-29 15:28:22', 98, 35, '2020-05-29 15:28:22'),
(58, '2020-05-29 15:28:22', 99, 35, '2020-05-29 15:28:22'),
(59, '2020-05-29 15:28:22', 100, 35, '2020-05-29 15:28:22'),
(60, '2020-05-29 15:28:22', 101, 35, '2020-05-29 15:28:22'),
(61, '2020-05-29 15:28:22', 102, 35, '2020-05-29 15:28:22'),
(62, '2020-05-29 15:28:22', 103, 35, '2020-05-29 15:28:22'),
(63, '2020-05-29 15:28:22', 104, 35, '2020-05-29 15:28:22'),
(64, '2020-05-29 15:28:22', 105, 35, '2020-05-29 15:28:22'),
(65, '2020-05-29 15:28:22', 97, 36, '2020-05-29 15:28:22'),
(66, '2020-05-29 15:28:22', 98, 36, '2020-05-29 15:28:22'),
(67, '2020-05-29 15:28:22', 99, 36, '2020-05-29 15:28:22'),
(68, '2020-05-29 15:28:22', 100, 36, '2020-05-29 15:28:22'),
(69, '2020-05-29 15:28:22', 101, 36, '2020-05-29 15:28:22'),
(70, '2020-05-29 15:28:22', 102, 36, '2020-05-29 15:28:22'),
(71, '2020-05-29 15:28:22', 103, 36, '2020-05-29 15:28:22'),
(72, '2020-05-29 15:28:22', 104, 36, '2020-05-29 15:28:22'),
(73, '2020-05-29 15:28:22', 105, 36, '2020-05-29 15:28:22'),
(74, '2020-05-29 15:28:22', 97, 37, '2020-05-29 15:28:22'),
(75, '2020-05-29 15:28:22', 98, 37, '2020-05-29 15:28:22'),
(76, '2020-05-29 15:28:22', 99, 37, '2020-05-29 15:28:22'),
(77, '2020-05-29 15:28:22', 100, 37, '2020-05-29 15:28:22'),
(78, '2020-05-29 15:28:22', 101, 37, '2020-05-29 15:28:22'),
(79, '2020-05-29 15:28:22', 102, 37, '2020-05-29 15:28:22'),
(80, '2020-05-29 15:28:22', 103, 37, '2020-05-29 15:28:22'),
(81, '2020-05-29 15:28:22', 104, 37, '2020-05-29 15:28:22'),
(82, '2020-05-29 15:28:22', 105, 37, '2020-05-29 15:28:22'),
(83, '2020-05-29 15:28:22', 97, 38, '2020-05-29 15:28:22'),
(84, '2020-05-29 15:28:22', 98, 38, '2020-05-29 15:28:22'),
(85, '2020-05-29 15:28:22', 99, 38, '2020-05-29 15:28:22'),
(86, '2020-05-29 15:28:22', 100, 38, '2020-05-29 15:28:22'),
(87, '2020-05-29 15:28:22', 101, 38, '2020-05-29 15:28:22'),
(88, '2020-05-29 15:28:22', 102, 38, '2020-05-29 15:28:22'),
(89, '2020-05-29 15:28:22', 103, 38, '2020-05-29 15:28:22'),
(90, '2020-05-29 15:28:22', 104, 38, '2020-05-29 15:28:22'),
(91, '2020-05-29 15:28:22', 105, 38, '2020-05-29 15:28:22'),
(92, '2020-05-29 15:28:22', 97, 39, '2020-05-29 15:28:22'),
(93, '2020-05-29 15:28:22', 98, 39, '2020-05-29 15:28:22'),
(94, '2020-05-29 15:28:22', 99, 39, '2020-05-29 15:28:22'),
(95, '2020-05-29 15:28:22', 100, 39, '2020-05-29 15:28:22'),
(96, '2020-05-29 15:28:22', 101, 39, '2020-05-29 15:28:22'),
(97, '2020-05-29 15:28:22', 102, 39, '2020-05-29 15:28:22'),
(98, '2020-05-29 15:28:22', 103, 39, '2020-05-29 15:28:22'),
(99, '2020-05-29 15:28:22', 104, 39, '2020-05-29 15:28:22'),
(100, '2020-05-29 15:28:22', 105, 39, '2020-05-29 15:28:22'),
(101, '2020-05-29 15:28:22', 97, 40, '2020-05-29 15:28:22'),
(102, '2020-05-29 15:28:22', 98, 40, '2020-05-29 15:28:22'),
(103, '2020-05-29 15:28:22', 99, 40, '2020-05-29 15:28:22'),
(104, '2020-05-29 15:28:22', 100, 40, '2020-05-29 15:28:22'),
(105, '2020-05-29 15:28:22', 101, 40, '2020-05-29 15:28:22'),
(106, '2020-05-29 15:28:22', 102, 40, '2020-05-29 15:28:22'),
(107, '2020-05-29 15:28:22', 103, 40, '2020-05-29 15:28:22'),
(108, '2020-05-29 15:28:22', 104, 40, '2020-05-29 15:28:22'),
(109, '2020-05-29 15:28:22', 105, 40, '2020-05-29 15:28:22'),
(110, '2020-05-29 15:28:22', 97, 41, '2020-05-29 15:28:22'),
(111, '2020-05-29 15:28:22', 98, 41, '2020-05-29 15:28:22'),
(112, '2020-05-29 15:28:22', 99, 41, '2020-05-29 15:28:22'),
(113, '2020-05-29 15:28:22', 100, 41, '2020-05-29 15:28:22'),
(114, '2020-05-29 15:28:22', 101, 41, '2020-05-29 15:28:22'),
(115, '2020-05-29 15:28:22', 102, 41, '2020-05-29 15:28:22'),
(116, '2020-05-29 15:28:22', 103, 41, '2020-05-29 15:28:22'),
(117, '2020-05-29 15:28:22', 104, 41, '2020-05-29 15:28:22'),
(118, '2020-05-29 15:28:22', 105, 41, '2020-05-29 15:28:22'),
(119, '2020-05-29 15:28:22', 97, 42, '2020-05-29 15:28:22'),
(120, '2020-05-29 15:28:22', 98, 42, '2020-05-29 15:28:22'),
(121, '2020-05-29 15:28:22', 99, 42, '2020-05-29 15:28:22'),
(122, '2020-05-29 15:28:22', 100, 42, '2020-05-29 15:28:22'),
(123, '2020-05-29 15:28:22', 101, 42, '2020-05-29 15:28:22'),
(124, '2020-05-29 15:28:22', 102, 42, '2020-05-29 15:28:22'),
(125, '2020-05-29 15:28:22', 103, 42, '2020-05-29 15:28:22'),
(126, '2020-05-29 15:28:22', 104, 42, '2020-05-29 15:28:22'),
(127, '2020-05-29 15:28:22', 105, 42, '2020-05-29 15:28:22'),
(128, '2020-05-29 15:28:22', 97, 43, '2020-05-29 15:28:22'),
(129, '2020-05-29 15:28:22', 98, 43, '2020-05-29 15:28:22'),
(130, '2020-05-29 15:28:22', 99, 43, '2020-05-29 15:28:22'),
(131, '2020-05-29 15:28:22', 100, 43, '2020-05-29 15:28:22'),
(132, '2020-05-29 15:28:22', 101, 43, '2020-05-29 15:28:22'),
(133, '2020-05-29 15:28:22', 102, 43, '2020-05-29 15:28:22'),
(134, '2020-05-29 15:28:22', 103, 43, '2020-05-29 15:28:22'),
(135, '2020-05-29 15:28:22', 104, 43, '2020-05-29 15:28:22'),
(136, '2020-05-29 15:28:22', 105, 43, '2020-05-29 15:28:22'),
(137, '2020-05-29 15:28:22', 97, 44, '2020-05-29 15:28:22'),
(138, '2020-05-29 15:28:22', 98, 44, '2020-05-29 15:28:22'),
(139, '2020-05-29 15:28:22', 99, 44, '2020-05-29 15:28:22'),
(140, '2020-05-29 15:28:22', 100, 44, '2020-05-29 15:28:22'),
(141, '2020-05-29 15:28:22', 101, 44, '2020-05-29 15:28:22'),
(142, '2020-05-29 15:28:22', 102, 44, '2020-05-29 15:28:22'),
(143, '2020-05-29 15:28:22', 103, 44, '2020-05-29 15:28:22'),
(144, '2020-05-29 15:28:22', 104, 44, '2020-05-29 15:28:22'),
(145, '2020-05-29 15:28:22', 105, 44, '2020-05-29 15:28:22'),
(146, '2020-05-29 15:28:22', 97, 45, '2020-05-29 15:28:22'),
(147, '2020-05-29 15:28:22', 98, 45, '2020-05-29 15:28:22'),
(148, '2020-05-29 15:28:22', 99, 45, '2020-05-29 15:28:22'),
(149, '2020-05-29 15:28:22', 100, 45, '2020-05-29 15:28:22'),
(150, '2020-05-29 15:28:22', 101, 45, '2020-05-29 15:28:22'),
(151, '2020-05-29 15:28:22', 102, 45, '2020-05-29 15:28:22'),
(152, '2020-05-29 15:28:22', 103, 45, '2020-05-29 15:28:22'),
(153, '2020-05-29 15:28:22', 104, 45, '2020-05-29 15:28:22'),
(154, '2020-05-29 15:28:22', 105, 45, '2020-05-29 15:28:22'),
(155, '2020-05-29 15:28:22', 97, 46, '2020-05-29 15:28:22'),
(156, '2020-05-29 15:28:22', 98, 46, '2020-05-29 15:28:22'),
(157, '2020-05-29 15:28:22', 99, 46, '2020-05-29 15:28:22'),
(158, '2020-05-29 15:28:22', 100, 46, '2020-05-29 15:28:22'),
(159, '2020-05-29 15:28:22', 101, 46, '2020-05-29 15:28:22'),
(160, '2020-05-29 15:28:22', 102, 46, '2020-05-29 15:28:22'),
(161, '2020-05-29 15:28:22', 103, 46, '2020-05-29 15:28:22'),
(162, '2020-05-29 15:28:22', 104, 46, '2020-05-29 15:28:22'),
(163, '2020-05-29 15:28:22', 105, 46, '2020-05-29 15:28:22'),
(164, '2020-05-29 15:28:22', 97, 47, '2020-05-29 15:28:22'),
(165, '2020-05-29 15:28:22', 98, 47, '2020-05-29 15:28:22'),
(166, '2020-05-29 15:28:22', 99, 47, '2020-05-29 15:28:22'),
(167, '2020-05-29 15:28:22', 100, 47, '2020-05-29 15:28:22'),
(168, '2020-05-29 15:28:22', 101, 47, '2020-05-29 15:28:22'),
(169, '2020-05-29 15:28:22', 102, 47, '2020-05-29 15:28:22'),
(170, '2020-05-29 15:28:22', 103, 47, '2020-05-29 15:28:22'),
(171, '2020-05-29 15:28:22', 104, 47, '2020-05-29 15:28:22'),
(172, '2020-05-29 15:28:22', 105, 47, '2020-05-29 15:28:22'),
(173, '2020-05-29 15:28:22', 97, 48, '2020-05-29 15:28:22'),
(174, '2020-05-29 15:28:22', 98, 48, '2020-05-29 15:28:22'),
(175, '2020-05-29 15:28:22', 99, 48, '2020-05-29 15:28:22'),
(176, '2020-05-29 15:28:22', 100, 48, '2020-05-29 15:28:22'),
(177, '2020-05-29 15:28:22', 101, 48, '2020-05-29 15:28:22'),
(178, '2020-05-29 15:28:22', 102, 48, '2020-05-29 15:28:22'),
(179, '2020-05-29 15:28:22', 103, 48, '2020-05-29 15:28:22'),
(180, '2020-05-29 15:28:22', 104, 48, '2020-05-29 15:28:22'),
(181, '2020-05-29 15:28:22', 105, 48, '2020-05-29 15:28:22'),
(182, '2020-05-29 15:28:22', 97, 49, '2020-05-29 15:28:22'),
(183, '2020-05-29 15:28:22', 98, 49, '2020-05-29 15:28:22'),
(184, '2020-05-29 15:28:22', 99, 49, '2020-05-29 15:28:22'),
(185, '2020-05-29 15:28:22', 100, 49, '2020-05-29 15:28:22'),
(186, '2020-05-29 15:28:22', 101, 49, '2020-05-29 15:28:22'),
(187, '2020-05-29 15:28:22', 102, 49, '2020-05-29 15:28:22'),
(188, '2020-05-29 15:28:22', 103, 49, '2020-05-29 15:28:22'),
(189, '2020-05-29 15:28:22', 104, 49, '2020-05-29 15:28:22'),
(190, '2020-05-29 15:28:22', 105, 49, '2020-05-29 15:28:22'),
(191, '2020-05-29 15:28:22', 97, 50, '2020-05-29 15:28:22'),
(192, '2020-05-29 15:28:22', 98, 50, '2020-05-29 15:28:22'),
(193, '2020-05-29 15:28:22', 99, 50, '2020-05-29 15:28:22'),
(194, '2020-05-29 15:28:22', 100, 50, '2020-05-29 15:28:22'),
(195, '2020-05-29 15:28:22', 101, 50, '2020-05-29 15:28:22'),
(196, '2020-05-29 15:28:22', 102, 50, '2020-05-29 15:28:22'),
(197, '2020-05-29 15:28:22', 103, 50, '2020-05-29 15:28:22'),
(198, '2020-05-29 15:28:22', 104, 50, '2020-05-29 15:28:22'),
(199, '2020-05-29 15:28:22', 105, 50, '2020-05-29 15:28:22'),
(200, '2020-05-29 15:28:22', 97, 51, '2020-05-29 15:28:22'),
(201, '2020-05-29 15:28:22', 98, 51, '2020-05-29 15:28:22'),
(202, '2020-05-29 15:28:22', 99, 51, '2020-05-29 15:28:22'),
(203, '2020-05-29 15:28:22', 100, 51, '2020-05-29 15:28:22'),
(204, '2020-05-29 15:28:22', 101, 51, '2020-05-29 15:28:22'),
(205, '2020-05-29 15:28:22', 102, 51, '2020-05-29 15:28:22'),
(206, '2020-05-29 15:28:22', 103, 51, '2020-05-29 15:28:22'),
(207, '2020-05-29 15:28:22', 104, 51, '2020-05-29 15:28:22'),
(208, '2020-05-29 15:28:22', 105, 51, '2020-05-29 15:28:22'),
(209, '2020-05-29 15:28:22', 97, 52, '2020-05-29 15:28:22'),
(210, '2020-05-29 15:28:22', 98, 52, '2020-05-29 15:28:22'),
(211, '2020-05-29 15:28:22', 99, 52, '2020-05-29 15:28:22'),
(212, '2020-05-29 15:28:22', 100, 52, '2020-05-29 15:28:22'),
(213, '2020-05-29 15:28:22', 101, 52, '2020-05-29 15:28:22'),
(214, '2020-05-29 15:28:22', 102, 52, '2020-05-29 15:28:22'),
(215, '2020-05-29 15:28:22', 103, 52, '2020-05-29 15:28:22'),
(216, '2020-05-29 15:28:22', 104, 52, '2020-05-29 15:28:22'),
(217, '2020-05-29 15:28:22', 105, 52, '2020-05-29 15:28:22'),
(218, '2020-05-29 15:28:22', 97, 53, '2020-05-29 15:28:22'),
(219, '2020-05-29 15:28:22', 98, 53, '2020-05-29 15:28:22'),
(220, '2020-05-29 15:28:22', 99, 53, '2020-05-29 15:28:22'),
(221, '2020-05-29 15:28:22', 100, 53, '2020-05-29 15:28:22'),
(222, '2020-05-29 15:28:22', 101, 53, '2020-05-29 15:28:22'),
(223, '2020-05-29 15:28:22', 102, 53, '2020-05-29 15:28:22'),
(224, '2020-05-29 15:28:22', 103, 53, '2020-05-29 15:28:22'),
(225, '2020-05-29 15:28:22', 104, 53, '2020-05-29 15:28:22'),
(226, '2020-05-29 15:28:22', 105, 53, '2020-05-29 15:28:22'),
(227, '2020-05-29 15:28:22', 97, 54, '2020-05-29 15:28:22'),
(228, '2020-05-29 15:28:22', 98, 54, '2020-05-29 15:28:22'),
(229, '2020-05-29 15:28:22', 99, 54, '2020-05-29 15:28:22'),
(230, '2020-05-29 15:28:22', 100, 54, '2020-05-29 15:28:22'),
(231, '2020-05-29 15:28:22', 101, 54, '2020-05-29 15:28:22'),
(232, '2020-05-29 15:28:22', 102, 54, '2020-05-29 15:28:22'),
(233, '2020-05-29 15:28:22', 103, 54, '2020-05-29 15:28:22'),
(234, '2020-05-29 15:28:22', 104, 54, '2020-05-29 15:28:22'),
(235, '2020-05-29 15:28:22', 105, 54, '2020-05-29 15:28:22'),
(236, '2020-05-29 15:28:22', 97, 55, '2020-05-29 15:28:22'),
(237, '2020-05-29 15:28:22', 98, 55, '2020-05-29 15:28:22'),
(238, '2020-05-29 15:28:22', 99, 55, '2020-05-29 15:28:22'),
(239, '2020-05-29 15:28:22', 100, 55, '2020-05-29 15:28:22'),
(240, '2020-05-29 15:28:22', 101, 55, '2020-05-29 15:28:22'),
(241, '2020-05-29 15:28:22', 102, 55, '2020-05-29 15:28:22'),
(242, '2020-05-29 15:28:22', 103, 55, '2020-05-29 15:28:22'),
(243, '2020-05-29 15:28:22', 104, 55, '2020-05-29 15:28:22'),
(244, '2020-05-29 15:28:22', 105, 55, '2020-05-29 15:28:22'),
(245, '2020-05-29 15:28:22', 97, 56, '2020-05-29 15:28:22'),
(246, '2020-05-29 15:28:22', 98, 56, '2020-05-29 15:28:22'),
(247, '2020-05-29 15:28:22', 99, 56, '2020-05-29 15:28:22'),
(248, '2020-05-29 15:28:22', 100, 56, '2020-05-29 15:28:22'),
(249, '2020-05-29 15:28:22', 101, 56, '2020-05-29 15:28:22'),
(250, '2020-05-29 15:28:22', 102, 56, '2020-05-29 15:28:22'),
(251, '2020-05-29 15:28:22', 103, 56, '2020-05-29 15:28:22'),
(252, '2020-05-29 15:28:22', 104, 56, '2020-05-29 15:28:22'),
(253, '2020-05-29 15:28:22', 105, 56, '2020-05-29 15:28:22'),
(254, '2020-05-29 15:28:22', 97, 57, '2020-05-29 15:28:22'),
(255, '2020-05-29 15:28:22', 98, 57, '2020-05-29 15:28:22'),
(256, '2020-05-29 15:28:22', 99, 57, '2020-05-29 15:28:22'),
(257, '2020-05-29 15:28:22', 100, 57, '2020-05-29 15:28:22'),
(258, '2020-05-29 15:28:22', 101, 57, '2020-05-29 15:28:22'),
(259, '2020-05-29 15:28:22', 102, 57, '2020-05-29 15:28:22'),
(260, '2020-05-29 15:28:22', 103, 57, '2020-05-29 15:28:22'),
(261, '2020-05-29 15:28:22', 104, 57, '2020-05-29 15:28:22'),
(262, '2020-05-29 15:28:22', 105, 57, '2020-05-29 15:28:22'),
(263, '2020-05-29 15:28:22', 97, 58, '2020-05-29 15:28:22'),
(264, '2020-05-29 15:28:22', 98, 58, '2020-05-29 15:28:22'),
(265, '2020-05-29 15:28:22', 99, 58, '2020-05-29 15:28:22'),
(266, '2020-05-29 15:28:22', 100, 58, '2020-05-29 15:28:22'),
(267, '2020-05-29 15:28:22', 101, 58, '2020-05-29 15:28:22'),
(268, '2020-05-29 15:28:22', 102, 58, '2020-05-29 15:28:22'),
(269, '2020-05-29 15:28:22', 103, 58, '2020-05-29 15:28:22'),
(270, '2020-05-29 15:28:22', 104, 58, '2020-05-29 15:28:22'),
(271, '2020-05-29 15:28:22', 105, 58, '2020-05-29 15:28:22'),
(272, '2020-05-29 15:28:22', 97, 59, '2020-05-29 15:28:22'),
(273, '2020-05-29 15:28:22', 98, 59, '2020-05-29 15:28:22'),
(274, '2020-05-29 15:28:22', 99, 59, '2020-05-29 15:28:22'),
(275, '2020-05-29 15:28:22', 100, 59, '2020-05-29 15:28:22'),
(276, '2020-05-29 15:28:22', 101, 59, '2020-05-29 15:28:22'),
(277, '2020-05-29 15:28:22', 102, 59, '2020-05-29 15:28:22'),
(278, '2020-05-29 15:28:22', 103, 59, '2020-05-29 15:28:22'),
(279, '2020-05-29 15:28:22', 104, 59, '2020-05-29 15:28:22'),
(280, '2020-05-29 15:28:22', 105, 59, '2020-05-29 15:28:22'),
(281, '2020-05-29 15:28:22', 97, 60, '2020-05-29 15:28:22'),
(282, '2020-05-29 15:28:22', 98, 60, '2020-05-29 15:28:22'),
(283, '2020-05-29 15:28:22', 99, 60, '2020-05-29 15:28:22'),
(284, '2020-05-29 15:28:22', 100, 60, '2020-05-29 15:28:22'),
(285, '2020-05-29 15:28:22', 101, 60, '2020-05-29 15:28:22'),
(286, '2020-05-29 15:28:22', 102, 60, '2020-05-29 15:28:22'),
(287, '2020-05-29 15:28:22', 103, 60, '2020-05-29 15:28:22'),
(288, '2020-05-29 15:28:22', 104, 60, '2020-05-29 15:28:22'),
(289, '2020-05-29 15:28:22', 105, 60, '2020-05-29 15:28:22'),
(578, '2020-05-30 00:23:21', 124, 28, '2020-05-30 00:23:21');

-- --------------------------------------------------------

--
-- Структура таблицы `marks`
--

CREATE TABLE `marks` (
  `id` bigint(20) NOT NULL,
  `name` varchar(255) COLLATE utf8mb4_unicode_ci DEFAULT NULL,
  `create_date` datetime NOT NULL,
  `update_date` datetime DEFAULT NULL,
  `period` int(11) DEFAULT NULL
) ENGINE=MyISAM DEFAULT CHARSET=utf8mb4 COLLATE=utf8mb4_unicode_ci;

--
-- Дамп данных таблицы `marks`
--

INSERT INTO `marks` (`id`, `name`, `create_date`, `update_date`, `period`) VALUES
(1, 'Неделя', '2020-02-19 00:00:00', NULL, 1);

-- --------------------------------------------------------

--
-- Структура таблицы `message`
--

CREATE TABLE `message` (
  `id` bigint(20) NOT NULL,
  `addressee_id` bigint(20) NOT NULL,
  `create_date` datetime NOT NULL,
  `sender_id` bigint(20) NOT NULL,
  `text` varchar(255) COLLATE utf8mb4_unicode_ci DEFAULT NULL,
  `update_date` datetime DEFAULT NULL,
  `read_or_no` bit(1) DEFAULT NULL
) ENGINE=MyISAM DEFAULT CHARSET=utf8mb4 COLLATE=utf8mb4_unicode_ci;

--
-- Дамп данных таблицы `message`
--

INSERT INTO `message` (`id`, `addressee_id`, `create_date`, `sender_id`, `text`, `update_date`, `read_or_no`) VALUES
(1, 2, '2020-05-19 00:00:00', 1, 'Здравствуйте', '2020-05-01 00:00:00', b'1'),
(3, 2, '2020-05-11 00:00:00', 1, 'Вы тут?', '2020-05-02 00:00:00', b'1'),
(4, 2, '2020-02-05 00:00:00', 1, 'Как ваши дела?', '2020-05-02 00:01:00', b'1'),
(5, 1, '2020-02-05 00:00:00', 2, 'Здравствуйте, да я тут. Дела хорошо, вам чем-то помочь?', '2020-05-02 00:00:00', b'1'),
(6, 2, '2020-02-05 00:00:00', 1, 'Мне бы хотелось задать вам вопрос на счет алгоритма уборки комнат, в них не прописаны некоторые мелкие детали.', '2020-05-03 00:00:00', b'1'),
(7, 1, '2020-02-05 00:00:00', 3, 'Здравствуйте, нету швабр, необходимо срочно докупить.', '2020-05-03 00:00:00', b'1'),
(8, 3, '2020-02-05 00:00:00', 1, 'Здравствуйте, уже решаю данный вопрос.', '2020-05-04 00:00:00', b'1'),
(9, 4, '2020-02-05 00:00:00', 1, 'Здравствуйте, Можете заменить Альбину завтра? Нам не хватает людей.', '2020-05-02 00:00:00', b'1'),
(10, 1, '2020-02-05 00:00:00', 4, 'Здравствуйте, завтра я свободна и могу заменить Альбину.', '2020-05-02 09:00:00', b'1'),
(11, 3, '2020-02-05 00:00:00', 1, 'Швабры были докуплены, можете взяться за уборку, я обновила вам задачи.', '2020-05-04 00:00:00', b'1'),
(12, 1, '2020-02-05 00:00:00', 3, 'Уже принимаюсь!', '2020-05-04 08:00:00', b'1'),
(18, 3, '2020-05-07 08:17:52', 1, 'Завтра свободны?', '2020-05-07 08:17:52', b'0'),
(24, 3, '2020-05-07 08:52:51', 1, '?', '2020-05-07 08:52:51', b'0'),
(25, 3, '2020-05-07 10:46:27', 1, 'Ответьте пожалуйста!', '2020-05-07 10:46:27', b'0'),
(26, 2, '2020-05-09 12:06:53', 1, 'Ответите!', '2020-05-09 12:06:53', b'0'),
(27, 3, '2020-05-12 11:41:55', 1, 'Прошу', '2020-05-12 11:41:55', b'0'),
(28, 2, '2020-05-14 12:53:59', 1, 'Вы тут?', '2020-05-14 12:53:59', b'0'),
(29, 4, '2020-05-15 01:17:26', 1, 'Можно вопрос?', '2020-05-15 01:17:26', b'0'),
(30, 4, '2020-05-15 01:20:45', 1, 'Можно задать вопрос?', '2020-05-15 01:20:45', b'0'),
(31, 4, '2020-05-30 00:08:20', 12, 'Спасибо', '2020-05-30 00:08:20', b'0'),
(32, 4, '2020-05-30 00:10:58', 12, 'Спасибо еще раз за ваши инструкции', '2020-05-30 00:10:58', b'0');

-- --------------------------------------------------------

--
-- Структура таблицы `periodic_task`
--

CREATE TABLE `periodic_task` (
  `id` bigint(20) NOT NULL,
  `mark_id` bigint(20) NOT NULL,
  `task_id` bigint(20) NOT NULL,
  `active` bit(1) DEFAULT NULL,
  `create_date` datetime NOT NULL,
  `update_date` datetime DEFAULT NULL
) ENGINE=MyISAM DEFAULT CHARSET=utf8mb4 COLLATE=utf8mb4_unicode_ci;

--
-- Дамп данных таблицы `periodic_task`
--

INSERT INTO `periodic_task` (`id`, `mark_id`, `task_id`, `active`, `create_date`, `update_date`) VALUES
(1, 1, 1, b'1', '2020-02-19 12:55:25', NULL);

-- --------------------------------------------------------

--
-- Структура таблицы `positions`
--

CREATE TABLE `positions` (
  `id` bigint(20) NOT NULL,
  `name` varchar(255) COLLATE utf8mb4_unicode_ci DEFAULT NULL,
  `create_date` datetime NOT NULL,
  `update_date` datetime DEFAULT NULL
) ENGINE=MyISAM DEFAULT CHARSET=utf8mb4 COLLATE=utf8mb4_unicode_ci;

--
-- Дамп данных таблицы `positions`
--

INSERT INTO `positions` (`id`, `name`, `create_date`, `update_date`) VALUES
(1, 'горничная\r\n', '2020-02-05 00:00:00', NULL),
(2, 'Менеджер', '2020-02-05 00:00:00', NULL),
(3, 'Тех. Обслуживание', '2020-02-05 00:00:00', NULL);

-- --------------------------------------------------------

--
-- Структура таблицы `roles`
--

CREATE TABLE `roles` (
  `id` bigint(20) NOT NULL,
  `created` datetime DEFAULT NULL,
  `name` varchar(255) COLLATE utf8mb4_unicode_ci DEFAULT NULL,
  `status` varchar(255) COLLATE utf8mb4_unicode_ci DEFAULT NULL,
  `updated` datetime DEFAULT NULL
) ENGINE=MyISAM DEFAULT CHARSET=utf8mb4 COLLATE=utf8mb4_unicode_ci;

--
-- Дамп данных таблицы `roles`
--

INSERT INTO `roles` (`id`, `created`, `name`, `status`, `updated`) VALUES
(1, '2020-02-05 00:00:00', 'ROLE_USER', 'ACTIVE', '2020-02-14 00:00:00'),
(2, '2020-02-05 00:00:00', 'ROLE_ADMIN', 'ACTIVE', '2020-02-14 00:00:00');

-- --------------------------------------------------------

--
-- Структура таблицы `tasks`
--

CREATE TABLE `tasks` (
  `id` bigint(20) NOT NULL,
  `name` varchar(255) COLLATE utf8mb4_unicode_ci DEFAULT NULL,
  `create_date` datetime DEFAULT NULL,
  `description` varchar(255) COLLATE utf8mb4_unicode_ci DEFAULT NULL,
  `term_date` datetime DEFAULT NULL,
  `update_date` datetime DEFAULT NULL,
  `template_task` bit(1) DEFAULT NULL,
  `procent` float DEFAULT NULL
) ENGINE=MyISAM DEFAULT CHARSET=utf8mb4 COLLATE=utf8mb4_unicode_ci;

--
-- Дамп данных таблицы `tasks`
--

INSERT INTO `tasks` (`id`, `name`, `create_date`, `description`, `term_date`, `update_date`, `template_task`, `procent`) VALUES
(20, 't', '2020-05-15 00:43:49', 't', '2020-05-07 05:00:00', '2020-05-15 00:43:49', b'0', 0),
(2, 'Комната 210', '2020-05-01 00:00:00', 'Провести уборку в комнате 210', '2020-04-13 19:00:00', '2020-05-01 00:00:00', b'1', 0.47),
(3, 'Починить трубу', '2020-05-01 00:00:00', 'Intermediate', '2020-04-13 19:00:00', '2020-05-01 00:00:00', b'0', 0.75),
(6, 'Провести влажную уборку на 3 этаже', '2020-05-01 00:00:00', 'Advanced', '2020-04-13 19:00:00', '2020-05-01 00:00:00', b'0', 0.59),
(16, 'поменять полотенца', '2020-05-15 00:16:16', 'поменять полотенце', '2020-05-06 01:00:00', '2020-05-15 00:16:16', b'0', 0),
(30, 'Комната 211', '2020-05-29 15:28:20', 'Провести уборку в комнате 211', '2020-04-29 18:00:00', '2020-05-29 15:28:20', b'0', 0),
(29, 'Комната 212', '2020-05-14 00:00:00', 'Провести уборку в комнате 212', '2020-05-31 00:00:00', '2020-05-24 21:07:34', b'0', 0),
(28, 'Комната 213', '2020-05-30 00:00:00', 'Провести уборку в комнате 213', '2020-05-29 00:00:00', '2020-05-31 21:07:05', b'0', 0),
(26, 'Комната 214', '2020-05-30 09:00:00', 'Провести уборку в комнате 214', '2020-06-03 00:00:00', '2020-05-24 21:04:44', b'0', 0),
(27, 'Комната 215', '2020-05-29 00:00:00', 'Провести уборку в комнате 215', '2020-06-15 00:00:00', '2020-05-30 21:06:39', b'0', 0),
(31, 'Комната 216', '2020-05-24 21:06:39', 'Провести уборку в комнате 216', '2020-05-25 04:00:00', '2020-05-24 21:06:39', b'0', 0),
(32, 'Комната 217', '2020-05-24 21:06:39', 'Провести уборку в комнате 217', '2020-05-04 04:00:00', '2020-05-24 21:06:39', b'0', 0),
(33, 'Комната 218', '2020-05-24 21:06:39', 'Провести уборку в комнате 218', '2020-05-04 04:00:00', '2020-05-24 21:06:39', b'0', 0),
(34, 'Комната 219', '2020-05-24 21:06:39', 'Провести уборку в комнате 219', '2020-05-04 04:00:00', '2020-05-24 21:06:39', b'0', 0),
(35, 'Комната 220', '2020-05-24 21:06:39', 'Провести уборку в комнате 220', '2020-05-04 04:00:00', '2020-05-24 21:06:39', b'0', 0),
(36, 'Комната 221', '2020-05-24 21:06:39', 'Провести уборку в комнате 221', '2020-05-04 04:00:00', '2020-05-24 21:06:39', b'0', 0),
(37, 'Комната 222', '2020-05-24 21:06:39', 'Провести уборку в комнате 222', '2020-05-04 04:00:00', '2020-05-24 21:06:39', b'0', 0),
(38, 'Комната 223', '2020-05-24 21:06:39', 'Провести уборку в комнате 223', '2020-05-04 04:00:00', '2020-05-24 21:06:39', b'0', 0),
(39, 'Комната 224', '2020-05-24 21:06:39', 'Провести уборку в комнате 224', '2020-05-04 04:00:00', '2020-05-24 21:06:39', b'0', 0),
(40, 'Комната 225', '2020-05-24 21:06:39', 'Провести уборку в комнате 225', '2020-05-04 04:00:00', '2020-05-24 21:06:39', b'0', 0),
(41, 'Комната 226', '2020-05-24 21:06:39', 'Провести уборку в комнате 226', '2020-05-04 04:00:00', '2020-05-24 21:06:39', b'0', 0),
(42, 'Комната 227', '2020-05-24 21:06:39', 'Провести уборку в комнате 227', '2020-05-04 04:00:00', '2020-05-24 21:06:39', b'0', 0),
(43, 'Комната 228', '2020-05-24 21:06:39', 'Провести уборку в комнате 228', '2020-05-04 04:00:00', '2020-05-24 21:06:39', b'0', 0),
(44, 'Комната 229', '2020-05-24 21:06:39', 'Провести уборку в комнате 229', '2020-05-04 04:00:00', '2020-05-24 21:06:39', b'0', 0),
(45, 'Комната 230', '2020-05-24 21:06:39', 'Провести уборку в комнате 230', '2020-05-04 04:00:00', '2020-05-24 21:06:39', b'0', 0),
(46, 'Комната 231', '2020-05-24 21:06:39', 'Провести уборку в комнате 231', '2020-05-04 04:00:00', '2020-05-24 21:06:39', b'0', 0),
(47, 'Комната 232', '2020-05-24 21:06:39', 'Провести уборку в комнате 232', '2020-05-04 04:00:00', '2020-05-24 21:06:39', b'0', 0),
(48, 'Комната 233', '2020-05-24 21:06:39', 'Провести уборку в комнате 233', '2020-05-04 04:00:00', '2020-05-24 21:06:39', b'0', 0),
(49, 'Комната 234', '2020-05-24 21:06:39', 'Провести уборку в комнате 234', '2020-05-04 04:00:00', '2020-05-24 21:06:39', b'0', 0),
(50, 'Комната 235', '2020-05-24 21:06:39', 'Провести уборку в комнате 235', '2020-05-04 04:00:00', '2020-05-24 21:06:39', b'0', 0),
(51, 'Комната 236', '2020-05-24 21:06:39', 'Провести уборку в комнате 236', '2020-05-04 04:00:00', '2020-05-24 21:06:39', b'0', 0),
(52, 'Комната 237', '2020-05-24 21:06:39', 'Провести уборку в комнате 237', '2020-05-04 04:00:00', '2020-05-24 21:06:39', b'0', 0),
(53, 'Комната 238', '2020-05-24 21:06:39', 'Провести уборку в комнате 238', '2020-05-04 04:00:00', '2020-05-24 21:06:39', b'0', 0),
(54, 'Комната 239', '2020-05-24 21:06:39', 'Провести уборку в комнате 239', '2020-05-04 04:00:00', '2020-05-24 21:06:39', b'0', 0),
(55, 'Комната 240', '2020-05-24 21:06:39', 'Провести уборку в комнате 240', '2020-05-04 04:00:00', '2020-05-24 21:06:39', b'0', 0),
(56, 'Комната 241', '2020-05-24 21:06:39', 'Провести уборку в комнате 241', '2020-05-04 04:00:00', '2020-05-24 21:06:39', b'0', 0),
(57, 'Комната 242', '2020-05-24 21:06:39', 'Провести уборку в комнате 242', '2020-05-04 04:00:00', '2020-05-24 21:06:39', b'0', 0),
(58, 'Комната 243', '2020-05-24 21:06:39', 'Провести уборку в комнате 243', '2020-05-04 04:00:00', '2020-05-24 21:06:39', b'0', 0),
(59, 'Комната 244', '2020-05-24 21:06:39', 'Провести уборку в комнате 244', '2020-05-04 04:00:00', '2020-05-24 21:06:39', b'0', 0),
(60, 'Комната 245', '2020-05-24 21:06:39', 'Провести уборку в комнате 245', '2020-05-04 04:00:00', '2020-05-24 21:06:39', b'0', 0),
(61, 'Общий зал', '2020-05-24 21:06:39', 'Убраться в зале', '2020-05-04 04:00:00', '2020-05-24 21:06:39', b'0', 0),
(62, 'Общий зал', '2020-05-24 21:06:39', 'Убраться в зале', '2020-05-04 04:00:00', '2020-05-24 21:06:39', b'0', 0),
(63, 'Общий зал', '2020-05-24 21:06:39', 'Убраться в зале', '2020-05-04 04:00:00', '2020-05-24 21:06:39', b'0', 0),
(64, 'Общий зал', '2020-05-24 21:06:39', 'Убраться в зале', '2020-05-04 04:00:00', '2020-05-24 21:06:39', b'0', 0),
(65, 'Общий зал', '2020-05-24 21:06:39', 'Убраться в зале', '2020-05-04 04:00:00', '2020-05-24 21:06:39', b'0', 0),
(66, 'Общий зал', '2020-05-24 21:06:39', 'Убраться в зале', '2020-05-04 04:00:00', '2020-05-24 21:06:39', b'0', 0),
(67, 'Общий зал', '2020-05-24 21:06:39', 'Убраться в зале', '2020-05-04 04:00:00', '2020-05-24 21:06:39', b'0', 0),
(68, 'Общий зал', '2020-05-24 21:06:39', 'Убраться в зале', '2020-05-04 04:00:00', '2020-05-24 21:06:39', b'0', 0),
(69, 'Общий зал', '2020-05-24 21:06:39', 'Убраться в зале', '2020-05-04 04:00:00', '2020-05-24 21:06:39', b'0', 0),
(70, 'Общий зал', '2020-05-24 21:06:39', 'Убраться в зале', '2020-05-04 04:00:00', '2020-05-24 21:06:39', b'0', 0),
(71, 'Починить трубу', '2020-05-24 21:06:39', 'Починить трубу на 4 этаже, на против 210 комнаты', '2020-05-04 04:00:00', '2020-05-24 21:06:39', b'0', 0),
(72, 'Починить трубу', '2020-05-24 21:06:39', 'Починить трубу на 4 этаже, на против 210 комнаты', '2020-05-04 04:00:00', '2020-05-24 21:06:39', b'0', 0),
(73, 'Починить трубу', '2020-05-24 21:06:39', 'Починить трубу на 4 этаже, на против 210 комнаты', '2020-05-04 04:00:00', '2020-05-24 21:06:39', b'0', 0),
(74, 'Починить трубу', '2020-05-24 21:06:39', 'Починить трубу на 4 этаже, на против 210 комнаты', '2020-05-04 04:00:00', '2020-05-24 21:06:39', b'0', 0),
(75, 'Починить трубу', '2020-05-24 21:06:39', 'Починить трубу на 4 этаже, на против 210 комнаты', '2020-05-04 04:00:00', '2020-05-24 21:06:39', b'0', 0),
(76, 'Починить трубу', '2020-05-24 21:06:39', 'Починить трубу на 4 этаже, на против 210 комнаты', '2020-05-04 04:00:00', '2020-05-24 21:06:39', b'0', 0),
(77, 'Починить трубу', '2020-05-24 21:06:39', 'Починить трубу на 4 этаже, на против 210 комнаты', '2020-05-04 04:00:00', '2020-05-24 21:06:39', b'0', 0),
(78, 'Починить трубу', '2020-05-24 21:06:39', 'Починить трубу на 4 этаже, на против 210 комнаты', '2020-05-04 04:00:00', '2020-05-24 21:06:39', b'0', 0),
(79, 'Починить кран', '2020-05-24 21:06:39', 'Починить кран в 210 комнате', '2020-05-04 04:00:00', '2020-05-24 21:06:39', b'0', 0),
(80, 'Починить кран', '2020-05-24 21:06:39', 'Починить кран в 210 комнате', '2020-05-04 04:00:00', '2020-05-24 21:06:39', b'0', 0),
(81, 'Починить кран', '2020-05-24 21:06:39', 'Починить кран в 210 комнате', '2020-05-04 04:00:00', '2020-05-24 21:06:39', b'0', 0),
(82, 'Починить кран', '2020-05-24 21:06:39', 'Починить кран в 210 комнате', '2020-05-04 04:00:00', '2020-05-24 21:06:39', b'0', 0),
(83, 'Починить кран', '2020-05-24 21:06:39', 'Починить кран в 210 комнате', '2020-05-04 04:00:00', '2020-05-24 21:06:39', b'0', 0),
(84, 'Починить кран', '2020-05-24 21:06:39', 'Починить кран в 210 комнате', '2020-05-04 04:00:00', '2020-05-24 21:06:39', b'0', 0),
(85, 'Починить кран', '2020-05-24 21:06:39', 'Починить кран в 210 комнате', '2020-05-04 04:00:00', '2020-05-24 21:06:39', b'0', 0),
(86, 'Починить кран', '2020-05-24 21:06:39', 'Починить кран в 210 комнате', '2020-05-04 04:00:00', '2020-05-24 21:06:39', b'0', 0),
(87, 'Починить кран', '2020-05-24 21:06:39', 'Починить кран в 210 комнате', '2020-05-04 04:00:00', '2020-05-24 21:06:39', b'0', 0),
(88, 'Починить кран', '2020-05-24 21:06:39', 'Починить кран в 210 комнате', '2020-05-04 04:00:00', '2020-05-24 21:06:39', b'0', 0),
(89, 'Починить кран', '2020-05-24 21:06:39', 'Починить кран в 210 комнате', '2020-05-04 04:00:00', '2020-05-24 21:06:39', b'0', 0),
(90, 'Починить кран', '2020-05-24 21:06:39', 'Починить кран в 210 комнате', '2020-05-04 04:00:00', '2020-05-24 21:06:39', b'0', 0),
(91, 'Починить кран', '2020-05-24 21:06:39', 'Починить кран в 210 комнате', '2020-05-04 04:00:00', '2020-05-24 21:06:39', b'0', 0),
(92, 'Починить кран', '2020-05-24 21:06:39', 'Починить кран в 210 комнате', '2020-05-04 04:00:00', '2020-05-24 21:06:39', b'0', 0),
(93, 'Починить кран', '2020-05-24 21:06:39', 'Починить кран в 210 комнате', '2020-05-04 04:00:00', '2020-05-24 21:06:39', b'0', 0),
(94, 'Починить кран', '2020-05-24 21:06:39', 'Починить кран в 210 комнате', '2020-05-04 04:00:00', '2020-05-24 21:06:39', b'0', 0),
(95, 'Починить кран', '2020-05-24 21:06:39', 'Починить кран в 210 комнате', '2020-05-04 04:00:00', '2020-05-24 21:06:39', b'0', 0),
(96, 'Починить кран', '2020-05-24 21:06:39', 'Починить кран в 210 комнате', '2020-05-04 04:00:00', '2020-05-24 21:06:39', b'0', 0),
(97, 'Шторы', '2020-05-24 21:06:39', 'Открыть окна и шторы', '2020-05-04 04:00:00', '2020-05-24 21:06:39', b'0', 0),
(98, 'Выбросить мусор', '2020-05-24 21:06:39', 'Собрать и выбросить мусор', '2020-05-04 04:00:00', '2020-05-24 21:06:39', b'0', 0),
(99, 'Уборка балкона', '2020-05-24 21:06:39', 'Осмотреть балкон, провести в нем уборку', '2020-05-04 04:00:00', '2020-05-24 21:06:39', b'0', 0),
(100, 'Чистка унитаза', '2020-05-24 21:06:39', 'Слить воду в туалете, прочистить унитаз', '2020-05-04 04:00:00', '2020-05-24 21:06:39', b'0', 0),
(101, 'Чистка зеркал', '2020-05-24 21:06:39', 'протереть зеркала, окна, люстры', '2020-05-04 04:00:00', '2020-05-24 21:06:39', b'0', 0),
(102, 'Чистка раковин', '2020-05-24 21:06:39', 'Протереть раковины, кафели, стены и двери', '2020-05-04 04:00:00', '2020-05-24 21:06:39', b'0', 0),
(103, 'Пропылесосить пол', '2020-05-24 21:06:39', 'Пропылесосить пол', '2020-05-04 04:00:00', '2020-05-24 21:06:39', b'0', 0),
(104, 'Осмотр номера', '2020-05-24 21:06:39', 'Осмотреть номер, проверить все ли сделано', '2020-05-04 04:00:00', '2020-05-24 21:06:39', b'0', 0),
(105, 'Помыть пол', '2020-05-24 21:06:39', 'Промыть пол', '2020-05-04 04:00:00', '2020-05-24 21:06:39', b'0', 0),
(106, 'Починить кран в 210 комнате', '2020-05-24 21:06:39', 'test\r\n', '2020-05-04 04:00:00', '2020-05-24 21:06:39', b'0', 0),
(107, 'Починить кран в 210 комнате', '2020-05-24 21:06:39', 'test\r\n', '2020-05-04 04:00:00', '2020-05-24 21:06:39', b'0', 0),
(108, 'Починить кран в 210 комнате', '2020-05-24 21:06:39', 'test\r\n', '2020-05-04 04:00:00', '2020-05-24 21:06:39', b'0', 0),
(109, 'Починить кран в 210 комнате', '2020-05-24 21:06:39', 'test\r\n', '2020-05-04 04:00:00', '2020-05-24 21:06:39', b'0', 0),
(110, 'Починить кран в 210 комнате', '2020-05-24 21:06:39', 'test\r\n', '2020-05-04 04:00:00', '2020-05-24 21:06:39', b'0', 0),
(111, 'test ', '2020-05-24 21:06:39', 'test\r\n', '2020-05-04 04:00:00', '2020-05-24 21:06:39', b'0', 0),
(112, 'test ', '2020-05-24 21:06:39', 'test\r\n', '2020-05-04 04:00:00', '2020-05-24 21:06:39', b'0', 0),
(113, 'test ', '2020-05-24 21:06:39', 'test\r\n', '2020-05-04 04:00:00', '2020-05-24 21:06:39', b'0', 0),
(114, 'test ', '2020-05-24 21:06:39', 'test\r\n', '2020-05-04 04:00:00', '2020-05-24 21:06:39', b'0', 0),
(115, 'test ', '2020-05-24 21:06:39', 'test\r\n', '2020-05-04 04:00:00', '2020-05-24 21:06:39', b'0', 0),
(116, 'test ', '2020-05-24 21:06:39', 'test\r\n', '2020-05-04 04:00:00', '2020-05-24 21:06:39', b'0', 0),
(117, 'test ', '2020-05-24 21:06:39', 'test\r\n', '2020-05-04 04:00:00', '2020-05-24 21:06:39', b'0', 0),
(118, 'test ', '2020-05-24 21:06:39', 'test\r\n', '2020-05-04 04:00:00', '2020-05-24 21:06:39', b'0', 0),
(119, 'test ', '2020-05-24 21:06:39', 'test\r\n', '2020-05-04 04:00:00', '2020-05-24 21:06:39', b'0', 0),
(120, 'test ', '2020-05-24 21:06:39', 'test\r\n', '2020-05-04 04:00:00', '2020-05-24 21:06:39', b'0', 0),
(121, 'test ', '2020-05-24 21:06:39', 'test\r\n', '2020-05-04 04:00:00', '2020-05-24 21:06:39', b'0', 0),
(122, 'test ', '2020-05-24 21:06:39', 'test\r\n', '2020-05-04 04:00:00', '2020-05-24 21:06:39', b'0', 0),
(123, 'test ', '2020-05-24 21:06:39', 'test\r\n', '2020-05-04 04:00:00', '2020-05-24 21:06:39', b'0', 0),
(124, 'пол', '2020-05-30 00:23:20', 'пол', '2020-04-29 18:00:00', '2020-05-30 00:23:20', b'0', 0),
(125, 'провести влажную уборку', '2020-06-03 12:46:26', 'провести влажную уборку', '2020-05-30 18:00:00', '2020-06-03 12:46:26', b'0', 0),
(126, 'провести влажную уборку', '2020-06-03 12:47:11', 'провести влажную уборку', '2020-04-29 18:00:00', '2020-06-03 12:47:11', b'0', 0);

-- --------------------------------------------------------

--
-- Структура таблицы `task_status`
--

CREATE TABLE `task_status` (
  `id` bigint(20) NOT NULL,
  `name` varchar(255) COLLATE utf8mb4_unicode_ci DEFAULT NULL,
  `create_date` datetime NOT NULL,
  `update_date` datetime DEFAULT NULL
) ENGINE=MyISAM DEFAULT CHARSET=utf8mb4 COLLATE=utf8mb4_unicode_ci;

--
-- Дамп данных таблицы `task_status`
--

INSERT INTO `task_status` (`id`, `name`, `create_date`, `update_date`) VALUES
(1, 'В процессе', '2020-02-19 00:00:00', NULL),
(2, 'Завершено', '2020-02-19 00:00:00', NULL),
(3, 'В доработке', '2020-02-19 00:00:00', NULL),
(4, 'Невыполнено', '2020-02-19 00:00:00', NULL);

-- --------------------------------------------------------

--
-- Структура таблицы `users`
--

CREATE TABLE `users` (
  `id` bigint(20) NOT NULL,
  `name` varchar(255) COLLATE utf8mb4_unicode_ci DEFAULT NULL,
  `create_date` datetime NOT NULL,
  `position_id` bigint(20) NOT NULL,
  `telephone` varchar(255) COLLATE utf8mb4_unicode_ci DEFAULT NULL,
  `update_date` datetime DEFAULT NULL,
  `password` varchar(255) COLLATE utf8mb4_unicode_ci DEFAULT NULL,
  `is_enabled` bit(1) NOT NULL,
  `status` varchar(255) COLLATE utf8mb4_unicode_ci DEFAULT NULL,
  `first_name` varchar(255) COLLATE utf8mb4_unicode_ci DEFAULT NULL,
  `last_name` varchar(255) COLLATE utf8mb4_unicode_ci DEFAULT NULL,
  `patronymic` varchar(255) COLLATE utf8mb4_unicode_ci DEFAULT NULL,
  `file_name` varchar(255) COLLATE utf8mb4_unicode_ci NOT NULL
) ENGINE=MyISAM DEFAULT CHARSET=utf8mb4 COLLATE=utf8mb4_unicode_ci;

--
-- Дамп данных таблицы `users`
--

INSERT INTO `users` (`id`, `name`, `create_date`, `position_id`, `telephone`, `update_date`, `password`, `is_enabled`, `status`, `first_name`, `last_name`, `patronymic`, `file_name`) VALUES
(1, 'reging', '2020-02-12 00:00:00', 1, '+996706556456', '2020-02-23 08:33:47', '$2a$04$qvlSLHlGLJks8XzrfgVgZ.Or1WdPNIPzMuZ6MtB0pT5/.4eaLKVam', b'1', 'ACTIVE', 'Алтынай', 'Анарбекова', ' ', 'pic1.jpg'),
(2, 'test1', '2020-02-12 00:00:00', 1, '996550727660', '2020-02-23 08:33:47', '$2a$04$qvlSLHlGLJks8XzrfgVgZ.Or1WdPNIPzMuZ6MtB0pT5/.4eaLKVam', b'1', 'ACTIVE', 'Айгерим', 'Сабырова', ' ', 'pic2.jpg'),
(3, 'test2', '2020-02-12 00:00:00', 1, '996550292370', '2020-02-23 08:33:47', '$2a$04$qvlSLHlGLJks8XzrfgVgZ.Or1WdPNIPzMuZ6MtB0pT5/.4eaLKVam', b'1', 'ACTIVE', 'Айзада', 'Айдыралиева', ' ', 'pic3.jpg'),
(4, 'regingMan', '2020-02-23 08:33:47', 2, '996550307520', '2020-02-23 08:33:47', '$2a$04$qvlSLHlGLJks8XzrfgVgZ.Or1WdPNIPzMuZ6MtB0pT5/.4eaLKVam', b'1', 'ACTIVE', 'Айсулуу', 'Садыбекова', ' ', 'pic4.jpg'),
(5, 'test3', '2020-02-23 08:33:47', 1, '996550321391', '2020-02-23 08:33:47', '$2a$04$qvlSLHlGLJks8XzrfgVgZ.Or1WdPNIPzMuZ6MtB0pT5/.4eaLKVam', b'1', 'ACTIVE', 'Тахмина', 'Караева', ' ', 'pic5.jpg'),
(6, 'test4', '2020-02-23 08:33:47', 1, '996550351189', '2020-02-23 08:33:47', '$2a$04$qvlSLHlGLJks8XzrfgVgZ.Or1WdPNIPzMuZ6MtB0pT5/.4eaLKVam', b'1', 'ACTIVE', 'Айчурок', 'Орунбаева', ' ', 'pic6.jpg'),
(7, 'test5', '2020-02-23 08:33:47', 1, '996700967359', '2020-02-23 08:33:47', '$2a$04$qvlSLHlGLJks8XzrfgVgZ.Or1WdPNIPzMuZ6MtB0pT5/.4eaLKVam', b'1', 'ACTIVE', 'Мээрим', 'Абдуллаева', ' ', 'pic7.jpg'),
(8, 'test6', '2020-02-23 08:33:47', 1, '996700005242', '2020-02-23 08:33:47', '$2a$04$qvlSLHlGLJks8XzrfgVgZ.Or1WdPNIPzMuZ6MtB0pT5/.4eaLKVam', b'1', 'ACTIVE', 'Айзирек', 'Атабекова', ' ', 'pic8.jpg'),
(9, 'test7', '2020-02-23 08:33:47', 1, '996700270185', '2020-02-23 08:33:47', '$2a$04$qvlSLHlGLJks8XzrfgVgZ.Or1WdPNIPzMuZ6MtB0pT5/.4eaLKVam', b'1', 'ACTIVE', 'Чолпон', 'Батырова', ' ', 'pic9.jpg'),
(10, 'test8', '2020-02-23 08:33:47', 1, '996700999826', '2020-02-23 08:33:47', '$2a$04$qvlSLHlGLJks8XzrfgVgZ.Or1WdPNIPzMuZ6MtB0pT5/.4eaLKVam', b'1', 'ACTIVE', 'Айнагуль', 'Кадыркулова', ' ', 'pic10.jpg'),
(11, 'test9', '2020-02-23 08:33:47', 1, '996700900868', '2020-02-23 08:33:47', '$2a$04$qvlSLHlGLJks8XzrfgVgZ.Or1WdPNIPzMuZ6MtB0pT5/.4eaLKVam', b'1', 'ACTIVE', 'Айпери', 'Раимжанова', ' ', 'pic11.jpg'),
(12, 'test10', '2020-02-23 08:33:47', 1, '996700171286', '2020-02-23 08:33:47', '$2a$04$qvlSLHlGLJks8XzrfgVgZ.Or1WdPNIPzMuZ6MtB0pT5/.4eaLKVam', b'1', 'ACTIVE', 'Айсулуу', 'Муратбекова', ' ', 'pic12.jpg'),
(13, 'test11', '2020-02-23 08:33:47', 3, '996700390570', '2020-02-23 08:33:47', '$2a$04$qvlSLHlGLJks8XzrfgVgZ.Or1WdPNIPzMuZ6MtB0pT5/.4eaLKVam', b'1', 'ACTIVE', 'Алибек', 'Шалдарбеков', ' ', 'pic13.jpg'),
(14, 'test12', '2020-02-23 08:33:47', 3, '996772252386', '2020-02-23 08:33:47', '$2a$04$qvlSLHlGLJks8XzrfgVgZ.Or1WdPNIPzMuZ6MtB0pT5/.4eaLKVam', b'1', 'ACTIVE', 'Улар', 'Эсенгулов', ' ', 'pic14.jpg'),
(15, 'test13', '2020-02-23 08:33:47', 3, '996772004138', '2020-02-23 08:33:47', '$2a$04$qvlSLHlGLJks8XzrfgVgZ.Or1WdPNIPzMuZ6MtB0pT5/.4eaLKVam', b'1', 'ACTIVE', 'Атай', 'Сеитбек уулу', ' ', 'pic15.jpg');

-- --------------------------------------------------------

--
-- Структура таблицы `user_roles`
--

CREATE TABLE `user_roles` (
  `user_id` bigint(20) NOT NULL,
  `role_id` bigint(20) NOT NULL
) ENGINE=MyISAM DEFAULT CHARSET=utf8mb4 COLLATE=utf8mb4_unicode_ci;

--
-- Дамп данных таблицы `user_roles`
--

INSERT INTO `user_roles` (`user_id`, `role_id`) VALUES
(4, 1),
(4, 2);

--
-- Индексы сохранённых таблиц
--

--
-- Индексы таблицы `departments`
--
ALTER TABLE `departments`
  ADD PRIMARY KEY (`id`);

--
-- Индексы таблицы `departments_staff`
--
ALTER TABLE `departments_staff`
  ADD PRIMARY KEY (`id`),
  ADD KEY `FKqmfxltq2y948arjqiybh4jbpe` (`department_id`),
  ADD KEY `FKjd0oreb8j6jo45hfsuumsm6vp` (`user_id`);

--
-- Индексы таблицы `list_of_employees`
--
ALTER TABLE `list_of_employees`
  ADD PRIMARY KEY (`id`),
  ADD KEY `FKn9ph1fjn3s5g0ghqov2db992a` (`owner_id`),
  ADD KEY `FKfmwbs57rrlo2eoldcfu9qrpkf` (`task_status_id`),
  ADD KEY `FKo4g1p1duth29t1kw0qoihbpc5` (`task_id`),
  ADD KEY `FKegng4dwjmihuiksi0kwdhyto1` (`user_id`);

--
-- Индексы таблицы `list_of_tasks`
--
ALTER TABLE `list_of_tasks`
  ADD PRIMARY KEY (`id`),
  ADD KEY `FKn8k97srexhrdic78qrdo1f6vg` (`subtask_id`),
  ADD KEY `FKe3h9yekqoyu397icuw2x3cokp` (`top_id`);

--
-- Индексы таблицы `marks`
--
ALTER TABLE `marks`
  ADD PRIMARY KEY (`id`);

--
-- Индексы таблицы `message`
--
ALTER TABLE `message`
  ADD PRIMARY KEY (`id`),
  ADD KEY `FKs52yd7vbv41ygpjq2ycept7mj` (`addressee_id`),
  ADD KEY `FKbi5avhe69aol2mb1lnm6r4o2p` (`sender_id`);

--
-- Индексы таблицы `periodic_task`
--
ALTER TABLE `periodic_task`
  ADD PRIMARY KEY (`id`),
  ADD KEY `FK6wddlkjpvko5of23syd4ybnkt` (`mark_id`),
  ADD KEY `FKe141gkm5t66vboohx2ycrfcq0` (`task_id`);

--
-- Индексы таблицы `positions`
--
ALTER TABLE `positions`
  ADD PRIMARY KEY (`id`);

--
-- Индексы таблицы `roles`
--
ALTER TABLE `roles`
  ADD PRIMARY KEY (`id`);

--
-- Индексы таблицы `tasks`
--
ALTER TABLE `tasks`
  ADD PRIMARY KEY (`id`);

--
-- Индексы таблицы `task_status`
--
ALTER TABLE `task_status`
  ADD PRIMARY KEY (`id`);

--
-- Индексы таблицы `users`
--
ALTER TABLE `users`
  ADD PRIMARY KEY (`id`),
  ADD KEY `FK6ph6xiiydudp6umjf2xckbbmi` (`position_id`);

--
-- Индексы таблицы `user_roles`
--
ALTER TABLE `user_roles`
  ADD KEY `FKh8ciramu9cc9q3qcqiv4ue8a6` (`role_id`),
  ADD KEY `FKhfh9dx7w3ubf1co1vdev94g3f` (`user_id`);

--
-- AUTO_INCREMENT для сохранённых таблиц
--

--
-- AUTO_INCREMENT для таблицы `departments`
--
ALTER TABLE `departments`
  MODIFY `id` bigint(20) NOT NULL AUTO_INCREMENT, AUTO_INCREMENT=3;

--
-- AUTO_INCREMENT для таблицы `departments_staff`
--
ALTER TABLE `departments_staff`
  MODIFY `id` bigint(20) NOT NULL AUTO_INCREMENT, AUTO_INCREMENT=16;

--
-- AUTO_INCREMENT для таблицы `list_of_employees`
--
ALTER TABLE `list_of_employees`
  MODIFY `id` bigint(20) NOT NULL AUTO_INCREMENT, AUTO_INCREMENT=335;

--
-- AUTO_INCREMENT для таблицы `list_of_tasks`
--
ALTER TABLE `list_of_tasks`
  MODIFY `id` bigint(20) NOT NULL AUTO_INCREMENT, AUTO_INCREMENT=579;

--
-- AUTO_INCREMENT для таблицы `marks`
--
ALTER TABLE `marks`
  MODIFY `id` bigint(20) NOT NULL AUTO_INCREMENT, AUTO_INCREMENT=2;

--
-- AUTO_INCREMENT для таблицы `message`
--
ALTER TABLE `message`
  MODIFY `id` bigint(20) NOT NULL AUTO_INCREMENT, AUTO_INCREMENT=33;

--
-- AUTO_INCREMENT для таблицы `periodic_task`
--
ALTER TABLE `periodic_task`
  MODIFY `id` bigint(20) NOT NULL AUTO_INCREMENT, AUTO_INCREMENT=2;

--
-- AUTO_INCREMENT для таблицы `positions`
--
ALTER TABLE `positions`
  MODIFY `id` bigint(20) NOT NULL AUTO_INCREMENT, AUTO_INCREMENT=4;

--
-- AUTO_INCREMENT для таблицы `roles`
--
ALTER TABLE `roles`
  MODIFY `id` bigint(20) NOT NULL AUTO_INCREMENT, AUTO_INCREMENT=3;

--
-- AUTO_INCREMENT для таблицы `tasks`
--
ALTER TABLE `tasks`
  MODIFY `id` bigint(20) NOT NULL AUTO_INCREMENT, AUTO_INCREMENT=127;

--
-- AUTO_INCREMENT для таблицы `task_status`
--
ALTER TABLE `task_status`
  MODIFY `id` bigint(20) NOT NULL AUTO_INCREMENT, AUTO_INCREMENT=5;

--
-- AUTO_INCREMENT для таблицы `users`
--
ALTER TABLE `users`
  MODIFY `id` bigint(20) NOT NULL AUTO_INCREMENT, AUTO_INCREMENT=16;
COMMIT;

/*!40101 SET CHARACTER_SET_CLIENT=@OLD_CHARACTER_SET_CLIENT */;
/*!40101 SET CHARACTER_SET_RESULTS=@OLD_CHARACTER_SET_RESULTS */;
/*!40101 SET COLLATION_CONNECTION=@OLD_COLLATION_CONNECTION */;
